,is_used_opportunity,transfered_data,start_datetime,end_datetime,origin,duration
0,0.0,0,1811797201.0,1811797251.0,Magadan2-KinoSat_110101,50.0
1,0.0,0,1811797251.0,1811797301.0,Magadan2-KinoSat_110101,50.0
2,0.0,0,1811797301.0,1811797351.0,Magadan2-KinoSat_110101,50.0
3,0.0,0,1811797351.0,1811797401.0,Magadan2-KinoSat_110101,50.0
4,0.0,0,1811797401.0,1811797409.895,Magadan2-KinoSat_110101,8.894999980926514
5,0.0,0,1811797201.0,1811797251.0,Anadyr2-KinoSat_110101,50.0
6,0.0,0,1811797251.0,1811797301.0,Anadyr2-KinoSat_110101,50.0
7,0.0,0,1811797301.0,1811797351.0,Anadyr2-KinoSat_110101,50.0
8,0.0,0,1811797351.0,1811797401.0,Anadyr2-KinoSat_110101,50.0
9,0.0,0,1811797401.0,1811797409.895,Anadyr2-KinoSat_110101,8.894999980926514
10,0.0,0,1811797201.0,1811797251.0,Magadan1-KinoSat_110101,50.0
11,0.0,0,1811797251.0,1811797301.0,Magadan1-KinoSat_110101,50.0
12,0.0,0,1811797301.0,1811797351.0,Magadan1-KinoSat_110101,50.0
13,0.0,0,1811797351.0,1811797401.0,Magadan1-KinoSat_110101,50.0
14,0.0,0,1811797401.0,1811797409.895,Magadan1-KinoSat_110101,8.894999980926514
15,0.0,0,1811797201.0,1811797251.0,Norilsk-KinoSat_110101,50.0
16,0.0,0,1811797251.0,1811797301.0,Norilsk-KinoSat_110101,50.0
17,0.0,0,1811797301.0,1811797351.0,Norilsk-KinoSat_110101,50.0
18,0.0,0,1811797351.0,1811797401.0,Norilsk-KinoSat_110101,50.0
19,0.0,0,1811797401.0,1811797409.895,Norilsk-KinoSat_110101,8.894999980926514
20,0.0,0,1811797409.895,1811797450.816,Magadan2-KinoSat_110101,40.9210000038147
21,0.0,0,1811797409.895,1811797450.816,Norilsk-KinoSat_110101,40.9210000038147
22,0.0,0,1811797409.895,1811797450.816,Murmansk2-KinoSat_110101,40.9210000038147
23,0.0,0,1811797409.895,1811797450.816,Anadyr2-KinoSat_110101,40.9210000038147
24,0.0,0,1811797409.895,1811797450.816,Murmansk1-KinoSat_110101,40.9210000038147
25,0.0,0,1811797409.895,1811797450.816,Magadan1-KinoSat_110101,40.9210000038147
26,0.0,0,1811797450.816,1811797461.296,Norilsk-KinoSat_110101,10.480000019073486
27,0.0,0,1811797450.816,1811797461.296,Murmansk2-KinoSat_110101,10.480000019073486
28,0.0,0,1811797450.816,1811797461.296,Anadyr2-KinoSat_110101,10.480000019073486
29,0.0,0,1811797450.816,1811797461.296,Murmansk1-KinoSat_110101,10.480000019073486
30,0.0,0,1811797461.296,1811797511.296,Norilsk-KinoSat_110101,50.0
31,0.0,0,1811797511.296,1811797561.296,Norilsk-KinoSat_110101,50.0
32,0.0,0,1811797561.296,1811797611.296,Norilsk-KinoSat_110101,50.0
33,0.0,0,1811797611.296,1811797661.296,Norilsk-KinoSat_110101,50.0
34,0.0,0,1811797661.296,1811797668.814,Norilsk-KinoSat_110101,7.517999887466431
35,0.0,0,1811797461.296,1811797511.296,Murmansk2-KinoSat_110101,50.0
36,0.0,0,1811797511.296,1811797561.296,Murmansk2-KinoSat_110101,50.0
37,0.0,0,1811797561.296,1811797611.296,Murmansk2-KinoSat_110101,50.0
38,0.0,0,1811797611.296,1811797661.296,Murmansk2-KinoSat_110101,50.0
39,0.0,0,1811797661.296,1811797668.814,Murmansk2-KinoSat_110101,7.517999887466431
40,0.0,0,1811797461.296,1811797511.296,Murmansk1-KinoSat_110101,50.0
41,0.0,0,1811797511.296,1811797561.296,Murmansk1-KinoSat_110101,50.0
42,0.0,0,1811797561.296,1811797611.296,Murmansk1-KinoSat_110101,50.0
43,0.0,0,1811797611.296,1811797661.296,Murmansk1-KinoSat_110101,50.0
44,0.0,0,1811797661.296,1811797668.814,Murmansk1-KinoSat_110101,7.517999887466431
45,0.0,0,1811797668.814,1811797718.814,Moscow-KinoSat_110101,50.0
46,0.0,0,1811797718.814,1811797768.814,Moscow-KinoSat_110101,50.0
47,0.0,0,1811797768.814,1811797792.266,Moscow-KinoSat_110101,23.4520001411438
48,0.0,0,1811797668.814,1811797718.814,Norilsk-KinoSat_110101,50.0
49,0.0,0,1811797718.814,1811797768.814,Norilsk-KinoSat_110101,50.0
50,0.0,0,1811797768.814,1811797792.266,Norilsk-KinoSat_110101,23.4520001411438
51,0.0,0,1811797668.814,1811797718.814,Murmansk2-KinoSat_110101,50.0
52,0.0,0,1811797718.814,1811797768.814,Murmansk2-KinoSat_110101,50.0
53,0.0,0,1811797768.814,1811797792.266,Murmansk2-KinoSat_110101,23.4520001411438
54,0.0,0,1811797668.814,1811797718.814,Murmansk1-KinoSat_110101,50.0
55,0.0,0,1811797718.814,1811797768.814,Murmansk1-KinoSat_110101,50.0
56,0.0,0,1811797768.814,1811797792.266,Murmansk1-KinoSat_110101,23.4520001411438
57,0.0,0,1811797792.266,1811797842.266,Moscow-KinoSat_110101,50.0
58,0.0,0,1811797842.266,1811797892.266,Moscow-KinoSat_110101,50.0
59,0.0,0,1811797892.266,1811797942.266,Moscow-KinoSat_110101,50.0
60,0.0,0,1811797942.266,1811797992.266,Moscow-KinoSat_110101,50.0
61,0.0,0,1811797992.266,1811798042.266,Moscow-KinoSat_110101,50.0
62,0.0,0,1811798042.266,1811798070.501,Moscow-KinoSat_110101,28.234999895095825
63,0.0,0,1811797792.266,1811797842.266,Murmansk2-KinoSat_110101,50.0
64,0.0,0,1811797842.266,1811797892.266,Murmansk2-KinoSat_110101,50.0
65,0.0,0,1811797892.266,1811797942.266,Murmansk2-KinoSat_110101,50.0
66,0.0,0,1811797942.266,1811797992.266,Murmansk2-KinoSat_110101,50.0
67,0.0,0,1811797992.266,1811798042.266,Murmansk2-KinoSat_110101,50.0
68,0.0,0,1811798042.266,1811798070.501,Murmansk2-KinoSat_110101,28.234999895095825
69,0.0,0,1811797792.266,1811797842.266,Murmansk1-KinoSat_110101,50.0
70,0.0,0,1811797842.266,1811797892.266,Murmansk1-KinoSat_110101,50.0
71,0.0,0,1811797892.266,1811797942.266,Murmansk1-KinoSat_110101,50.0
72,0.0,0,1811797942.266,1811797992.266,Murmansk1-KinoSat_110101,50.0
73,0.0,0,1811797992.266,1811798042.266,Murmansk1-KinoSat_110101,50.0
74,0.0,0,1811798042.266,1811798070.501,Murmansk1-KinoSat_110101,28.234999895095825
75,0.0,0,1811798070.501,1811798120.501,Murmansk2-KinoSat_110101,50.0
76,0.0,0,1811798120.501,1811798124.543,Murmansk2-KinoSat_110101,4.04200005531311
77,0.0,0,1811798070.501,1811798120.501,Murmansk1-KinoSat_110101,50.0
78,0.0,0,1811798120.501,1811798124.543,Murmansk1-KinoSat_110101,4.04200005531311
79,0.0,0,1811802490.795,1811802540.795,Magadan2-KinoSat_110101,50.0
80,0.0,0,1811802540.795,1811802569.696,Magadan2-KinoSat_110101,28.901000022888184
81,0.0,0,1811802490.795,1811802540.795,Magadan1-KinoSat_110101,50.0
82,0.0,0,1811802540.795,1811802569.696,Magadan1-KinoSat_110101,28.901000022888184
83,0.0,0,1811802569.696,1811802619.696,Magadan2-KinoSat_110101,50.0
84,0.0,0,1811802619.696,1811802669.696,Magadan2-KinoSat_110101,50.0
85,0.0,0,1811802669.696,1811802719.696,Magadan2-KinoSat_110101,50.0
86,0.0,0,1811802719.696,1811802769.696,Magadan2-KinoSat_110101,50.0
87,0.0,0,1811802769.696,1811802787.255,Magadan2-KinoSat_110101,17.55900001525879
88,0.0,0,1811802569.696,1811802619.696,Magadan1-KinoSat_110101,50.0
89,0.0,0,1811802619.696,1811802669.696,Magadan1-KinoSat_110101,50.0
90,0.0,0,1811802669.696,1811802719.696,Magadan1-KinoSat_110101,50.0
91,0.0,0,1811802719.696,1811802769.696,Magadan1-KinoSat_110101,50.0
92,0.0,0,1811802769.696,1811802787.255,Magadan1-KinoSat_110101,17.55900001525879
93,0.0,0,1811802569.696,1811802619.696,Irkutsk-KinoSat_110101,50.0
94,0.0,0,1811802619.696,1811802669.696,Irkutsk-KinoSat_110101,50.0
95,0.0,0,1811802669.696,1811802719.696,Irkutsk-KinoSat_110101,50.0
96,0.0,0,1811802719.696,1811802769.696,Irkutsk-KinoSat_110101,50.0
97,0.0,0,1811802769.696,1811802787.255,Irkutsk-KinoSat_110101,17.55900001525879
98,0.0,0,1811802787.255,1811802813.377,Magadan2-KinoSat_110101,26.121999979019165
99,0.0,0,1811802787.255,1811802813.377,Norilsk-KinoSat_110101,26.121999979019165
100,0.0,0,1811802787.255,1811802813.377,Magadan1-KinoSat_110101,26.121999979019165
101,0.0,0,1811802787.255,1811802813.377,Irkutsk-KinoSat_110101,26.121999979019165
102,0.0,0,1811802813.377,1811802863.377,Magadan2-KinoSat_110101,50.0
103,0.0,0,1811802863.377,1811802875.278,Magadan2-KinoSat_110101,11.901000022888184
104,0.0,0,1811802813.377,1811802863.377,Norilsk-KinoSat_110101,50.0
105,0.0,0,1811802863.377,1811802875.278,Norilsk-KinoSat_110101,11.901000022888184
106,0.0,0,1811802813.377,1811802863.377,Anadyr2-KinoSat_110101,50.0
107,0.0,0,1811802863.377,1811802875.278,Anadyr2-KinoSat_110101,11.901000022888184
108,0.0,0,1811802813.377,1811802863.377,Magadan1-KinoSat_110101,50.0
109,0.0,0,1811802863.377,1811802875.278,Magadan1-KinoSat_110101,11.901000022888184
110,0.0,0,1811802813.377,1811802863.377,Irkutsk-KinoSat_110101,50.0
111,0.0,0,1811802863.377,1811802875.278,Irkutsk-KinoSat_110101,11.901000022888184
112,0.0,0,1811802875.278,1811802925.278,Magadan2-KinoSat_110101,50.0
113,0.0,0,1811802925.278,1811802975.278,Magadan2-KinoSat_110101,50.0
114,0.0,0,1811802975.278,1811803025.278,Magadan2-KinoSat_110101,50.0
115,0.0,0,1811803025.278,1811803075.278,Magadan2-KinoSat_110101,50.0
116,0.0,0,1811803075.278,1811803125.278,Magadan2-KinoSat_110101,50.0
117,0.0,0,1811803125.278,1811803126.185,Magadan2-KinoSat_110101,0.9069998264312744
118,0.0,0,1811802875.278,1811802925.278,Norilsk-KinoSat_110101,50.0
119,0.0,0,1811802925.278,1811802975.278,Norilsk-KinoSat_110101,50.0
120,0.0,0,1811802975.278,1811803025.278,Norilsk-KinoSat_110101,50.0
121,0.0,0,1811803025.278,1811803075.278,Norilsk-KinoSat_110101,50.0
122,0.0,0,1811803075.278,1811803125.278,Norilsk-KinoSat_110101,50.0
123,0.0,0,1811803125.278,1811803126.185,Norilsk-KinoSat_110101,0.9069998264312744
124,0.0,0,1811802875.278,1811802925.278,Anadyr2-KinoSat_110101,50.0
125,0.0,0,1811802925.278,1811802975.278,Anadyr2-KinoSat_110101,50.0
126,0.0,0,1811802975.278,1811803025.278,Anadyr2-KinoSat_110101,50.0
127,0.0,0,1811803025.278,1811803075.278,Anadyr2-KinoSat_110101,50.0
128,0.0,0,1811803075.278,1811803125.278,Anadyr2-KinoSat_110101,50.0
129,0.0,0,1811803125.278,1811803126.185,Anadyr2-KinoSat_110101,0.9069998264312744
130,0.0,0,1811802875.278,1811802925.278,Magadan1-KinoSat_110101,50.0
131,0.0,0,1811802925.278,1811802975.278,Magadan1-KinoSat_110101,50.0
132,0.0,0,1811802975.278,1811803025.278,Magadan1-KinoSat_110101,50.0
133,0.0,0,1811803025.278,1811803075.278,Magadan1-KinoSat_110101,50.0
134,0.0,0,1811803075.278,1811803125.278,Magadan1-KinoSat_110101,50.0
135,0.0,0,1811803125.278,1811803126.185,Magadan1-KinoSat_110101,0.9069998264312744
136,0.0,0,1811802875.278,1811802925.278,Novosib-KinoSat_110101,50.0
137,0.0,0,1811802925.278,1811802975.278,Novosib-KinoSat_110101,50.0
138,0.0,0,1811802975.278,1811803025.278,Novosib-KinoSat_110101,50.0
139,0.0,0,1811803025.278,1811803075.278,Novosib-KinoSat_110101,50.0
140,0.0,0,1811803075.278,1811803125.278,Novosib-KinoSat_110101,50.0
141,0.0,0,1811803125.278,1811803126.185,Novosib-KinoSat_110101,0.9069998264312744
142,0.0,0,1811802875.278,1811802925.278,Irkutsk-KinoSat_110101,50.0
143,0.0,0,1811802925.278,1811802975.278,Irkutsk-KinoSat_110101,50.0
144,0.0,0,1811802975.278,1811803025.278,Irkutsk-KinoSat_110101,50.0
145,0.0,0,1811803025.278,1811803075.278,Irkutsk-KinoSat_110101,50.0
146,0.0,0,1811803075.278,1811803125.278,Irkutsk-KinoSat_110101,50.0
147,0.0,0,1811803125.278,1811803126.185,Irkutsk-KinoSat_110101,0.9069998264312744
148,0.0,0,1811803126.185,1811803145.594,Magadan2-KinoSat_110101,19.409000158309937
149,0.0,0,1811803126.185,1811803145.594,Norilsk-KinoSat_110101,19.409000158309937
150,0.0,0,1811803126.185,1811803145.594,Murmansk2-KinoSat_110101,19.409000158309937
151,0.0,0,1811803126.185,1811803145.594,Anadyr2-KinoSat_110101,19.409000158309937
152,0.0,0,1811803126.185,1811803145.594,Murmansk1-KinoSat_110101,19.409000158309937
153,0.0,0,1811803126.185,1811803145.594,Magadan1-KinoSat_110101,19.409000158309937
154,0.0,0,1811803126.185,1811803145.594,Novosib-KinoSat_110101,19.409000158309937
155,0.0,0,1811803126.185,1811803145.594,Irkutsk-KinoSat_110101,19.409000158309937
156,0.0,0,1811803145.594,1811803167.186,Magadan2-KinoSat_110101,21.592000007629395
157,0.0,0,1811803145.594,1811803167.186,Norilsk-KinoSat_110101,21.592000007629395
158,0.0,0,1811803145.594,1811803167.186,Murmansk2-KinoSat_110101,21.592000007629395
159,0.0,0,1811803145.594,1811803167.186,Murmansk1-KinoSat_110101,21.592000007629395
160,0.0,0,1811803145.594,1811803167.186,Magadan1-KinoSat_110101,21.592000007629395
161,0.0,0,1811803145.594,1811803167.186,Novosib-KinoSat_110101,21.592000007629395
162,0.0,0,1811803145.594,1811803167.186,Irkutsk-KinoSat_110101,21.592000007629395
163,0.0,0,1811803167.186,1811803192.794,Magadan2-KinoSat_110101,25.607999801635742
164,0.0,0,1811803167.186,1811803192.794,Norilsk-KinoSat_110101,25.607999801635742
165,0.0,0,1811803167.186,1811803192.794,Murmansk2-KinoSat_110101,25.607999801635742
166,0.0,0,1811803167.186,1811803192.794,Murmansk1-KinoSat_110101,25.607999801635742
167,0.0,0,1811803167.186,1811803192.794,Magadan1-KinoSat_110101,25.607999801635742
168,0.0,0,1811803167.186,1811803192.794,Novosib-KinoSat_110101,25.607999801635742
169,0.0,0,1811803192.794,1811803221.643,Norilsk-KinoSat_110101,28.848999977111816
170,0.0,0,1811803192.794,1811803221.643,Murmansk2-KinoSat_110101,28.848999977111816
171,0.0,0,1811803192.794,1811803221.643,Murmansk1-KinoSat_110101,28.848999977111816
172,0.0,0,1811803192.794,1811803221.643,Novosib-KinoSat_110101,28.848999977111816
173,0.0,0,1811803221.643,1811803271.643,Norilsk-KinoSat_110101,50.0
174,0.0,0,1811803271.643,1811803321.643,Norilsk-KinoSat_110101,50.0
175,0.0,0,1811803321.643,1811803371.643,Norilsk-KinoSat_110101,50.0
176,0.0,0,1811803371.643,1811803421.643,Norilsk-KinoSat_110101,50.0
177,0.0,0,1811803421.643,1811803471.643,Norilsk-KinoSat_110101,50.0
178,0.0,0,1811803471.643,1811803506.603,Norilsk-KinoSat_110101,34.96000003814697
179,0.0,0,1811803221.643,1811803271.643,Murmansk2-KinoSat_110101,50.0
180,0.0,0,1811803271.643,1811803321.643,Murmansk2-KinoSat_110101,50.0
181,0.0,0,1811803321.643,1811803371.643,Murmansk2-KinoSat_110101,50.0
182,0.0,0,1811803371.643,1811803421.643,Murmansk2-KinoSat_110101,50.0
183,0.0,0,1811803421.643,1811803471.643,Murmansk2-KinoSat_110101,50.0
184,0.0,0,1811803471.643,1811803506.603,Murmansk2-KinoSat_110101,34.96000003814697
185,0.0,0,1811803221.643,1811803271.643,Murmansk1-KinoSat_110101,50.0
186,0.0,0,1811803271.643,1811803321.643,Murmansk1-KinoSat_110101,50.0
187,0.0,0,1811803321.643,1811803371.643,Murmansk1-KinoSat_110101,50.0
188,0.0,0,1811803371.643,1811803421.643,Murmansk1-KinoSat_110101,50.0
189,0.0,0,1811803421.643,1811803471.643,Murmansk1-KinoSat_110101,50.0
190,0.0,0,1811803471.643,1811803506.603,Murmansk1-KinoSat_110101,34.96000003814697
191,0.0,0,1811803506.603,1811803556.603,Murmansk2-KinoSat_110101,50.0
192,0.0,0,1811803556.603,1811803606.603,Murmansk2-KinoSat_110101,50.0
193,0.0,0,1811803606.603,1811803656.603,Murmansk2-KinoSat_110101,50.0
194,0.0,0,1811803656.603,1811803706.603,Murmansk2-KinoSat_110101,50.0
195,0.0,0,1811803706.603,1811803756.603,Murmansk2-KinoSat_110101,50.0
196,0.0,0,1811803756.603,1811803771.069,Murmansk2-KinoSat_110101,14.466000080108643
197,0.0,0,1811803506.603,1811803556.603,Murmansk1-KinoSat_110101,50.0
198,0.0,0,1811803556.603,1811803606.603,Murmansk1-KinoSat_110101,50.0
199,0.0,0,1811803606.603,1811803656.603,Murmansk1-KinoSat_110101,50.0
200,0.0,0,1811803656.603,1811803706.603,Murmansk1-KinoSat_110101,50.0
201,0.0,0,1811803706.603,1811803756.603,Murmansk1-KinoSat_110101,50.0
202,0.0,0,1811803756.603,1811803771.069,Murmansk1-KinoSat_110101,14.466000080108643
203,0.0,0,1811808184.063,1811808234.063,Irkutsk-KinoSat_110101,50.0
204,0.0,0,1811808234.063,1811808284.063,Irkutsk-KinoSat_110101,50.0
205,0.0,0,1811808284.063,1811808334.063,Irkutsk-KinoSat_110101,50.0
206,0.0,0,1811808334.063,1811808363.095,Irkutsk-KinoSat_110101,29.032000064849854
207,0.0,0,1811808363.095,1811808413.095,Novosib-KinoSat_110101,50.0
208,0.0,0,1811808413.095,1811808463.095,Novosib-KinoSat_110101,50.0
209,0.0,0,1811808463.095,1811808478.939,Novosib-KinoSat_110101,15.843999862670898
210,0.0,0,1811808363.095,1811808413.095,Irkutsk-KinoSat_110101,50.0
211,0.0,0,1811808413.095,1811808463.095,Irkutsk-KinoSat_110101,50.0
212,0.0,0,1811808463.095,1811808478.939,Irkutsk-KinoSat_110101,15.843999862670898
213,0.0,0,1811808478.939,1811808510.346,Norilsk-KinoSat_110101,31.407000064849854
214,0.0,0,1811808478.939,1811808510.346,Novosib-KinoSat_110101,31.407000064849854
215,0.0,0,1811808478.939,1811808510.346,Irkutsk-KinoSat_110101,31.407000064849854
216,0.0,0,1811808510.346,1811808560.346,Norilsk-KinoSat_110101,50.0
217,1.0,1808,1811808560.346,1811808574.469,Norilsk-KinoSat_110101,14.123000144958496
218,0.07061500072479249,-1808,1811808510.346,1811808560.346,Russia-KinoSat_110101,50.0
219,0.0,0,1811808560.346,1811808574.469,Russia-KinoSat_110101,14.123000144958496
220,0.8695550000667573,5565,1811808510.346,1811808560.346,Novosib-KinoSat_110101,50.0
221,0.0,0,1811808560.346,1811808574.469,Novosib-KinoSat_110101,14.123000144958496
222,0.13044499993324285,-835,1811808510.346,1811808560.346,Irkutsk-KinoSat_110101,50.0
223,0.0,0,1811808560.346,1811808574.469,Irkutsk-KinoSat_110101,14.123000144958496
224,0.7391100001335145,-4730,1811808574.469,1811808624.469,Magadan2-KinoSat_110101,50.0
225,1.0,6400,1811808624.469,1811808674.469,Magadan2-KinoSat_110101,50.0
226,0.0,0,1811808674.469,1811808724.469,Magadan2-KinoSat_110101,50.0
227,0.5,-3200,1811808724.469,1811808774.469,Magadan2-KinoSat_110101,50.0
228,0.5,-1530,1811808774.469,1811808798.38,Magadan2-KinoSat_110101,23.91100001335144
229,0.2608899998664855,-1670,1811808574.469,1811808624.469,Norilsk-KinoSat_110101,50.0
230,0.0,0,1811808624.469,1811808674.469,Norilsk-KinoSat_110101,50.0
231,0.0,0,1811808674.469,1811808724.469,Norilsk-KinoSat_110101,50.0
232,0.0,0,1811808724.469,1811808774.469,Norilsk-KinoSat_110101,50.0
233,0.5,1530,1811808774.469,1811808798.38,Norilsk-KinoSat_110101,23.91100001335144
234,0.05977750003337862,-1530,1811808574.469,1811808624.469,Russia-KinoSat_110101,50.0
235,0.0,0,1811808624.469,1811808674.469,Russia-KinoSat_110101,50.0
236,0.0,0,1811808674.469,1811808724.469,Russia-KinoSat_110101,50.0
237,0.30433250010013585,7791,1811808724.469,1811808774.469,Russia-KinoSat_110101,50.0
238,0.5,-6121,1811808774.469,1811808798.38,Russia-KinoSat_110101,23.91100001335144
239,0.2608899998664855,-1670,1811808574.469,1811808624.469,Magadan1-KinoSat_110101,50.0
240,0.0,0,1811808624.469,1811808674.469,Magadan1-KinoSat_110101,50.0
241,0.0,0,1811808674.469,1811808724.469,Magadan1-KinoSat_110101,50.0
242,0.0,0,1811808724.469,1811808774.469,Magadan1-KinoSat_110101,50.0
243,0.0,0,1811808774.469,1811808798.38,Magadan1-KinoSat_110101,23.91100001335144
244,0.0,0,1811808574.469,1811808624.469,Novosib-KinoSat_110101,50.0
245,0.0,0,1811808624.469,1811808674.469,Novosib-KinoSat_110101,50.0
246,1.0,6400,1811808674.469,1811808724.469,Novosib-KinoSat_110101,50.0
247,0.5,-3200,1811808724.469,1811808774.469,Novosib-KinoSat_110101,50.0
248,0.5,-1530,1811808774.469,1811808798.38,Novosib-KinoSat_110101,23.91100001335144
249,0.2608899998664855,-1670,1811808574.469,1811808624.469,Irkutsk-KinoSat_110101,50.0
250,0.0,0,1811808624.469,1811808674.469,Irkutsk-KinoSat_110101,50.0
251,0.0,0,1811808674.469,1811808724.469,Irkutsk-KinoSat_110101,50.0
252,0.0,0,1811808724.469,1811808774.469,Irkutsk-KinoSat_110101,50.0
253,0.5000000000000001,1530,1811808774.469,1811808798.38,Irkutsk-KinoSat_110101,23.91100001335144
254,0.3101027853262845,-713,1811808798.38,1811808816.351,Magadan2-KinoSat_110101,17.97099995613098
255,0.3101027853262845,-713,1811808798.38,1811808816.351,Norilsk-KinoSat_110101,17.97099995613098
256,0.04506069365438674,-104,1811808798.38,1811808816.351,Murmansk2-KinoSat_110101,17.97099995613098
257,0.0,0,1811808798.38,1811808816.351,Murmansk1-KinoSat_110101,17.97099995613098
258,0.6898972146737156,6348,1811808798.38,1811808816.351,Russia-KinoSat_110101,17.97099995613098
259,0.3101027853262845,-713,1811808798.38,1811808816.351,Magadan1-KinoSat_110101,17.97099995613098
260,0.3101027853262845,-714,1811808798.38,1811808816.351,Novosib-KinoSat_110101,17.97099995613098
261,0.3101027853262844,-713,1811808798.38,1811808816.351,Irkutsk-KinoSat_110101,17.97099995613098
262,0.5000000000000001,3200,1811808816.351,1811808866.351,Norilsk-KinoSat_110101,50.0
263,0.49999999999999983,-3200,1811808866.351,1811808916.351,Norilsk-KinoSat_110101,50.0
264,1.0,-4208,1811808916.351,1811808949.225,Norilsk-KinoSat_110101,32.87399983406067
265,0.0,0,1811808816.351,1811808866.351,Murmansk2-KinoSat_110101,50.0
266,0.0,0,1811808866.351,1811808916.351,Murmansk2-KinoSat_110101,50.0
267,0.0,0,1811808916.351,1811808949.225,Murmansk2-KinoSat_110101,32.87399983406067
268,0.0,0,1811808816.351,1811808866.351,Murmansk1-KinoSat_110101,50.0
269,0.0,0,1811808866.351,1811808916.351,Murmansk1-KinoSat_110101,50.0
270,0.0,0,1811808916.351,1811808949.225,Murmansk1-KinoSat_110101,32.87399983406067
271,0.49999999999999994,12800,1811808816.351,1811808866.351,Russia-KinoSat_110101,50.0
272,0.49999999999999994,-12800,1811808866.351,1811808916.351,Russia-KinoSat_110101,50.0
273,0.0,0,1811808916.351,1811808949.225,Russia-KinoSat_110101,32.87399983406067
274,0.0,0,1811808816.351,1811808866.351,Novosib-KinoSat_110101,50.0
275,0.0,0,1811808866.351,1811808916.351,Novosib-KinoSat_110101,50.0
276,0.0,0,1811808916.351,1811808949.225,Novosib-KinoSat_110101,32.87399983406067
277,0.5000000000000001,3200,1811808816.351,1811808866.351,Irkutsk-KinoSat_110101,50.0
278,0.5000000000000002,-3200,1811808866.351,1811808916.351,Irkutsk-KinoSat_110101,50.0
279,0.0,0,1811808916.351,1811808949.225,Irkutsk-KinoSat_110101,32.87399983406067
280,0.0,0,1811808949.225,1811808953.083,Norilsk-KinoSat_110101,3.8580000400543213
281,0.0,0,1811808949.225,1811808953.083,Murmansk2-KinoSat_110101,3.8580000400543213
282,0.0,0,1811808949.225,1811808953.083,Murmansk1-KinoSat_110101,3.8580000400543213
283,0.0,0,1811808949.225,1811808953.083,Novosib-KinoSat_110101,3.8580000400543213
284,0.0,0,1811808949.225,1811808953.083,Irkutsk-KinoSat_110101,3.8580000400543213
285,0.0,0,1811808953.083,1811809003.083,Norilsk-KinoSat_110101,50.0
286,0.0,0,1811809003.083,1811809032.644,Norilsk-KinoSat_110101,29.561000108718872
287,0.0,0,1811808953.083,1811809003.083,Murmansk2-KinoSat_110101,50.0
288,0.0,0,1811809003.083,1811809032.644,Murmansk2-KinoSat_110101,29.561000108718872
289,0.0,0,1811808953.083,1811809003.083,Murmansk1-KinoSat_110101,50.0
290,0.0,0,1811809003.083,1811809032.644,Murmansk1-KinoSat_110101,29.561000108718872
291,0.0,0,1811808953.083,1811809003.083,Novosib-KinoSat_110101,50.0
292,0.0,0,1811809003.083,1811809032.644,Novosib-KinoSat_110101,29.561000108718872
293,0.0,0,1811809032.644,1811809082.644,Norilsk-KinoSat_110101,50.0
294,0.0,0,1811809082.644,1811809132.644,Norilsk-KinoSat_110101,50.0
295,0.0,0,1811809132.644,1811809182.644,Norilsk-KinoSat_110101,50.0
296,0.0,0,1811809182.644,1811809232.644,Norilsk-KinoSat_110101,50.0
297,0.0,0,1811809232.644,1811809250.389,Norilsk-KinoSat_110101,17.744999885559082
298,0.0,0,1811809032.644,1811809082.644,Murmansk2-KinoSat_110101,50.0
299,0.0,0,1811809082.644,1811809132.644,Murmansk2-KinoSat_110101,50.0
300,0.0,0,1811809132.644,1811809182.644,Murmansk2-KinoSat_110101,50.0
301,0.0,0,1811809182.644,1811809232.644,Murmansk2-KinoSat_110101,50.0
302,0.0,0,1811809232.644,1811809250.389,Murmansk2-KinoSat_110101,17.744999885559082
303,0.0,0,1811809032.644,1811809082.644,Murmansk1-KinoSat_110101,50.0
304,0.0,0,1811809082.644,1811809132.644,Murmansk1-KinoSat_110101,50.0
305,0.0,0,1811809132.644,1811809182.644,Murmansk1-KinoSat_110101,50.0
306,0.0,0,1811809182.644,1811809232.644,Murmansk1-KinoSat_110101,50.0
307,0.0,0,1811809232.644,1811809250.389,Murmansk1-KinoSat_110101,17.744999885559082
308,0.0,0,1811809250.389,1811809300.389,Murmansk2-KinoSat_110101,50.0
309,0.0,0,1811809300.389,1811809350.389,Murmansk2-KinoSat_110101,50.0
310,0.0,0,1811809350.389,1811809400.389,Murmansk2-KinoSat_110101,50.0
311,0.0,0,1811809400.389,1811809429.25,Murmansk2-KinoSat_110101,28.861000061035156
312,0.0,0,1811809250.389,1811809300.389,Murmansk1-KinoSat_110101,50.0
313,0.0,0,1811809300.389,1811809350.389,Murmansk1-KinoSat_110101,50.0
314,0.0,0,1811809350.389,1811809400.389,Murmansk1-KinoSat_110101,50.0
315,0.0,0,1811809400.389,1811809429.25,Murmansk1-KinoSat_110101,28.861000061035156
317,0.0,0,1811814027.388,1811814077.388,Novosib-KinoSat_110101,50.0
318,0.0,0,1811814077.388,1811814127.388,Novosib-KinoSat_110101,50.0
319,0.0,0,1811814127.388,1811814177.388,Novosib-KinoSat_110101,50.0
320,0.0,0,1811814177.388,1811814227.388,Novosib-KinoSat_110101,50.0
321,0.0,0,1811814227.388,1811814246.881,Novosib-KinoSat_110101,19.493000030517578
322,0.0,0,1811814027.388,1811814077.388,Irkutsk-KinoSat_110101,50.0
323,0.0,0,1811814077.388,1811814127.388,Irkutsk-KinoSat_110101,50.0
324,0.0,0,1811814127.388,1811814177.388,Irkutsk-KinoSat_110101,50.0
325,0.0,0,1811814177.388,1811814227.388,Irkutsk-KinoSat_110101,50.0
326,0.0,0,1811814227.388,1811814246.881,Irkutsk-KinoSat_110101,19.493000030517578
327,0.0,0,1811814246.881,1811814296.881,Norilsk-KinoSat_110101,50.0
328,0.0,0,1811814296.881,1811814333.998,Norilsk-KinoSat_110101,37.11699986457825
329,0.0,0,1811814246.881,1811814296.881,Novosib-KinoSat_110101,50.0
330,0.0,0,1811814296.881,1811814333.998,Novosib-KinoSat_110101,37.11699986457825
331,0.0,0,1811814246.881,1811814296.881,Irkutsk-KinoSat_110101,50.0
332,0.0,0,1811814296.881,1811814333.998,Irkutsk-KinoSat_110101,37.11699986457825
333,0.0,0,1811814333.998,1811814383.998,Norilsk-KinoSat_110101,50.0
334,0.5463199996948243,3496,1811814383.998,1811814433.998,Norilsk-KinoSat_110101,50.0
335,0.0,0,1811814433.998,1811814443.024,Norilsk-KinoSat_110101,9.026000022888184
336,0.13657999992370604,-3496,1811814333.998,1811814383.998,Russia-KinoSat_110101,50.0
337,0.0,0,1811814383.998,1811814433.998,Russia-KinoSat_110101,50.0
338,0.0,0,1811814433.998,1811814443.024,Russia-KinoSat_110101,9.026000022888184
339,0.863420000076294,5526,1811814333.998,1811814383.998,Novosib-KinoSat_110101,50.0
340,0.45368000030517586,-2904,1811814383.998,1811814433.998,Novosib-KinoSat_110101,50.0
341,0.9999999999999999,1156,1811814433.998,1811814443.024,Novosib-KinoSat_110101,9.026000022888184
342,0.1365799999237061,-874,1811814333.998,1811814383.998,Irkutsk-KinoSat_110101,50.0
343,0.4536800003051757,-2904,1811814383.998,1811814433.998,Irkutsk-KinoSat_110101,50.0
344,0.0,0,1811814433.998,1811814443.024,Irkutsk-KinoSat_110101,9.026000022888184
345,0.0,0,1811814443.024,1811814450.805,Norilsk-KinoSat_110101,7.781000137329102
346,0.0,0,1811814443.024,1811814450.805,Murmansk1-KinoSat_110101,7.781000137329102
347,0.0,0,1811814443.024,1811814450.805,Murmansk2-KinoSat_110101,7.781000137329102
348,1.0,3984,1811814443.024,1811814450.805,Russia-KinoSat_110101,7.781000137329102
349,0.0,0,1811814443.024,1811814450.805,Novosib-KinoSat_110101,7.781000137329102
350,0.0,0,1811814443.024,1811814450.805,Irkutsk-KinoSat_110101,7.781000137329102
351,0.04303749978542329,-276,1811814450.805,1811814500.805,Moscow-KinoSat_110101,50.0
352,0.0,0,1811814500.805,1811814550.805,Moscow-KinoSat_110101,50.0
353,0.4602700018882751,-2945,1811814550.805,1811814600.805,Moscow-KinoSat_110101,50.0
354,0.3461298574115625,-763,1811814600.805,1811814618.02,Moscow-KinoSat_110101,17.21499991416931
355,0.9569625002145767,6125,1811814450.805,1811814500.805,Norilsk-KinoSat_110101,50.0
356,0.0,0,1811814500.805,1811814550.805,Norilsk-KinoSat_110101,50.0
357,0.4602700018882751,-2946,1811814550.805,1811814600.805,Norilsk-KinoSat_110101,50.0
358,0.5,-1102,1811814600.805,1811814618.02,Norilsk-KinoSat_110101,17.21499991416931
359,0.04303749978542329,-275,1811814450.805,1811814500.805,Murmansk1-KinoSat_110101,50.0
360,0.0,0,1811814500.805,1811814550.805,Murmansk1-KinoSat_110101,50.0
361,0.28150499939918516,-1802,1811814550.805,1811814600.805,Murmansk1-KinoSat_110101,50.0
362,0.5,1102,1811814600.805,1811814618.02,Murmansk1-KinoSat_110101,17.21499991416931
363,0.04303749978542329,-276,1811814450.805,1811814500.805,Murmansk2-KinoSat_110101,50.0
364,0.0,0,1811814500.805,1811814550.805,Murmansk2-KinoSat_110101,50.0
365,0.12911249935626987,-826,1811814550.805,1811814600.805,Murmansk2-KinoSat_110101,50.0
366,0.5,1102,1811814600.805,1811814618.02,Murmansk2-KinoSat_110101,17.21499991416931
367,0.04303749978542328,-1102,1811814450.805,1811814500.805,Russia-KinoSat_110101,50.0
368,0.0,0,1811814500.805,1811814550.805,Russia-KinoSat_110101,50.0
369,0.0,0,1811814550.805,1811814600.805,Russia-KinoSat_110101,50.0
370,0.0,0,1811814600.805,1811814618.02,Russia-KinoSat_110101,17.21499991416931
371,0.0,0,1811814450.805,1811814500.805,Novosib-KinoSat_110101,50.0
372,0.0,0,1811814500.805,1811814550.805,Novosib-KinoSat_110101,50.0
373,0.0,0,1811814550.805,1811814600.805,Novosib-KinoSat_110101,50.0
374,0.0,0,1811814600.805,1811814618.02,Novosib-KinoSat_110101,17.21499991416931
375,0.0,0,1811814450.805,1811814500.805,Irkutsk-KinoSat_110101,50.0
376,1.0,6400,1811814500.805,1811814550.805,Irkutsk-KinoSat_110101,50.0
377,0.539729998111725,-3454,1811814550.805,1811814600.805,Irkutsk-KinoSat_110101,50.0
378,0.5000000000000001,-1102,1811814600.805,1811814618.02,Irkutsk-KinoSat_110101,17.21499991416931
379,0.5,-615,1811814618.02,1811814627.624,Moscow-KinoSat_110101,9.604000091552734
380,0.5,-614,1811814618.02,1811814627.624,Norilsk-KinoSat_110101,9.604000091552734
381,0.5,-615,1811814618.02,1811814627.624,Murmansk1-KinoSat_110101,9.604000091552734
382,0.0,0,1811814618.02,1811814627.624,Murmansk2-KinoSat_110101,9.604000091552734
383,0.0,0,1811814618.02,1811814627.624,Novosib-KinoSat_110101,9.604000091552734
384,0.0,0,1811814618.02,1811814627.624,Irkutsk-KinoSat_110101,9.604000091552734
385,0.0,0,1811814627.624,1811814677.624,Moscow-KinoSat_110101,50.0
386,0.0,0,1811814677.624,1811814679.735,Moscow-KinoSat_110101,2.110999822616577
387,0.4788900017738344,3065,1811814627.624,1811814677.624,Norilsk-KinoSat_110101,50.0
388,0.0,0,1811814677.624,1811814679.735,Norilsk-KinoSat_110101,2.110999822616577
389,0.4788900017738344,-3065,1811814627.624,1811814677.624,Murmansk1-KinoSat_110101,50.0
390,0.0,0,1811814677.624,1811814679.735,Murmansk1-KinoSat_110101,2.110999822616577
391,0.0,0,1811814627.624,1811814677.624,Murmansk2-KinoSat_110101,50.0
392,0.0,0,1811814677.624,1811814679.735,Murmansk2-KinoSat_110101,2.110999822616577
393,0.0,0,1811814627.624,1811814677.624,Russia-KinoSat_110101,50.0
394,0.0,0,1811814677.624,1811814679.735,Russia-KinoSat_110101,2.110999822616577
395,0.5211099982261658,3335,1811814627.624,1811814677.624,Novosib-KinoSat_110101,50.0
396,0.9999999999999999,-270,1811814677.624,1811814679.735,Novosib-KinoSat_110101,2.110999822616577
397,0.4788900017738342,-3065,1811814627.624,1811814677.624,Irkutsk-KinoSat_110101,50.0
398,0.0,0,1811814677.624,1811814679.735,Irkutsk-KinoSat_110101,2.110999822616577
399,0.0,0,1811814679.735,1811814698.555,Moscow-KinoSat_110101,18.820000171661377
400,1.0,2409,1811814679.735,1811814698.555,Norilsk-KinoSat_110101,18.820000171661377
401,0.0,0,1811814679.735,1811814698.555,Murmansk1-KinoSat_110101,18.820000171661377
402,0.0,0,1811814679.735,1811814698.555,Murmansk2-KinoSat_110101,18.820000171661377
403,0.0,0,1811814679.735,1811814698.555,Russia-KinoSat_110101,18.820000171661377
404,0.0,0,1811814679.735,1811814698.555,Novosib-KinoSat_110101,18.820000171661377
405,0.37640000343322755,-2409,1811814698.555,1811814748.555,Moscow-KinoSat_110101,50.0
406,0.0,0,1811814748.555,1811814798.555,Moscow-KinoSat_110101,50.0
407,0.0,0,1811814798.555,1811814801.683,Moscow-KinoSat_110101,3.128000020980835
408,0.0,0,1811814698.555,1811814748.555,Norilsk-KinoSat_110101,50.0
409,0.0,0,1811814748.555,1811814798.555,Norilsk-KinoSat_110101,50.0
410,0.0,0,1811814798.555,1811814801.683,Norilsk-KinoSat_110101,3.128000020980835
411,0.0,0,1811814698.555,1811814748.555,Murmansk1-KinoSat_110101,50.0
412,0.0,0,1811814748.555,1811814798.555,Murmansk1-KinoSat_110101,50.0
413,0.0,0,1811814798.555,1811814801.683,Murmansk1-KinoSat_110101,3.128000020980835
414,0.0,0,1811814698.555,1811814748.555,Murmansk2-KinoSat_110101,50.0
415,0.0,0,1811814748.555,1811814798.555,Murmansk2-KinoSat_110101,50.0
416,0.0,0,1811814798.555,1811814801.683,Murmansk2-KinoSat_110101,3.128000020980835
417,0.0,0,1811814698.555,1811814748.555,Novosib-KinoSat_110101,50.0
418,0.0,0,1811814748.555,1811814798.555,Novosib-KinoSat_110101,50.0
419,0.0,0,1811814798.555,1811814801.683,Novosib-KinoSat_110101,3.128000020980835
420,0.0,0,1811814801.683,1811814843.059,Moscow-KinoSat_110101,41.37599992752075
421,0.0,0,1811814801.683,1811814843.059,Norilsk-KinoSat_110101,41.37599992752075
422,0.0,0,1811814801.683,1811814843.059,Murmansk1-KinoSat_110101,41.37599992752075
423,0.0,0,1811814801.683,1811814843.059,Murmansk2-KinoSat_110101,41.37599992752075
424,0.0,0,1811814843.059,1811814893.059,Norilsk-KinoSat_110101,50.0
425,0.0,0,1811814893.059,1811814943.059,Norilsk-KinoSat_110101,50.0
426,0.0,0,1811814943.059,1811814993.059,Norilsk-KinoSat_110101,50.0
427,0.0,0,1811814993.059,1811815008.301,Norilsk-KinoSat_110101,15.242000102996826
428,0.0,0,1811814843.059,1811814893.059,Murmansk1-KinoSat_110101,50.0
429,0.0,0,1811814893.059,1811814943.059,Murmansk1-KinoSat_110101,50.0
430,0.0,0,1811814943.059,1811814993.059,Murmansk1-KinoSat_110101,50.0
431,0.0,0,1811814993.059,1811815008.301,Murmansk1-KinoSat_110101,15.242000102996826
432,0.0,0,1811814843.059,1811814893.059,Murmansk2-KinoSat_110101,50.0
433,0.0,0,1811814893.059,1811814943.059,Murmansk2-KinoSat_110101,50.0
434,0.0,0,1811814943.059,1811814993.059,Murmansk2-KinoSat_110101,50.0
435,0.0,0,1811814993.059,1811815008.301,Murmansk2-KinoSat_110101,15.242000102996826
436,0.0,0,1811815008.301,1811815058.301,Murmansk1-KinoSat_110101,50.0
437,0.0,0,1811815058.301,1811815108.301,Murmansk1-KinoSat_110101,50.0
438,0.0,0,1811815108.301,1811815130.85,Murmansk1-KinoSat_110101,22.548999786376953
439,0.0,0,1811815008.301,1811815058.301,Murmansk2-KinoSat_110101,50.0
440,0.0,0,1811815058.301,1811815108.301,Murmansk2-KinoSat_110101,50.0
441,0.0,0,1811815108.301,1811815130.85,Murmansk2-KinoSat_110101,22.548999786376953
444,0.0,0,1811819958.24,1811820008.24,Moscow-KinoSat_110101,50.0
445,0.0,0,1811820008.24,1811820058.24,Moscow-KinoSat_110101,50.0
446,0.0,0,1811820058.24,1811820108.24,Moscow-KinoSat_110101,50.0
447,0.0,0,1811820108.24,1811820111.031,Moscow-KinoSat_110101,2.7909998893737793
448,0.0,0,1811819958.24,1811820008.24,Novosib-KinoSat_110101,50.0
449,0.0,0,1811820008.24,1811820058.24,Novosib-KinoSat_110101,50.0
450,0.0,0,1811820058.24,1811820108.24,Novosib-KinoSat_110101,50.0
451,0.0,0,1811820108.24,1811820111.031,Novosib-KinoSat_110101,2.7909998893737793
452,0.0,0,1811820111.031,1811820121.331,Moscow-KinoSat_110101,10.300000190734863
453,0.0,0,1811820111.031,1811820121.331,Murmansk1-KinoSat_110101,10.300000190734863
454,0.0,0,1811820111.031,1811820121.331,Murmansk2-KinoSat_110101,10.300000190734863
455,0.0,0,1811820111.031,1811820121.331,Novosib-KinoSat_110101,10.300000190734863
456,0.0,0,1811820121.331,1811820147.659,Moscow-KinoSat_110101,26.32799983024597
457,0.0,0,1811820121.331,1811820147.659,Norilsk-KinoSat_110101,26.32799983024597
458,0.0,0,1811820121.331,1811820147.659,Murmansk1-KinoSat_110101,26.32799983024597
459,0.0,0,1811820121.331,1811820147.659,Murmansk2-KinoSat_110101,26.32799983024597
460,0.0,0,1811820121.331,1811820147.659,Novosib-KinoSat_110101,26.32799983024597
461,0.0,0,1811820147.659,1811820197.659,Moscow-KinoSat_110101,50.0
462,0.0,0,1811820197.659,1811820247.659,Moscow-KinoSat_110101,50.0
463,0.0,0,1811820247.659,1811820297.659,Moscow-KinoSat_110101,50.0
464,0.0,0,1811820297.659,1811820347.659,Moscow-KinoSat_110101,50.0
465,0.5,3200,1811820347.659,1811820397.659,Moscow-KinoSat_110101,50.0
466,0.5557284480967641,-3200,1811820397.659,1811820442.645,Moscow-KinoSat_110101,44.986000061035156
467,0.9749300003051757,6240,1811820147.659,1811820197.659,Norilsk-KinoSat_110101,50.0
468,0.23746500015258776,-1520,1811820197.659,1811820247.659,Norilsk-KinoSat_110101,50.0
469,0.0,0,1811820247.659,1811820297.659,Norilsk-KinoSat_110101,50.0
470,0.23746500015258779,-1520,1811820297.659,1811820347.659,Norilsk-KinoSat_110101,50.0
471,0.5,-3200,1811820347.659,1811820397.659,Norilsk-KinoSat_110101,50.0
472,0.0,0,1811820397.659,1811820442.645,Norilsk-KinoSat_110101,44.986000061035156
473,0.0,0,1811820147.659,1811820197.659,Murmansk1-KinoSat_110101,50.0
474,0.0,0,1811820197.659,1811820247.659,Murmansk1-KinoSat_110101,50.0
475,1.0,6400,1811820247.659,1811820297.659,Murmansk1-KinoSat_110101,50.0
476,0.23746500015258784,-1520,1811820297.659,1811820347.659,Murmansk1-KinoSat_110101,50.0
477,0.5,-3200,1811820347.659,1811820397.659,Murmansk1-KinoSat_110101,50.0
478,0.2917963360725729,-1680,1811820397.659,1811820442.645,Murmansk1-KinoSat_110101,44.986000061035156
479,0.0,0,1811820147.659,1811820197.659,Murmansk2-KinoSat_110101,50.0
480,0.0,0,1811820197.659,1811820247.659,Murmansk2-KinoSat_110101,50.0
481,0.0,0,1811820247.659,1811820297.659,Murmansk2-KinoSat_110101,50.0
482,0.0,0,1811820297.659,1811820347.659,Murmansk2-KinoSat_110101,50.0
483,0.5,3200,1811820347.659,1811820397.659,Murmansk2-KinoSat_110101,50.0
484,0.4442715519032358,-2558,1811820397.659,1811820442.645,Murmansk2-KinoSat_110101,44.986000061035156
485,0.025069999694824274,-642,1811820147.659,1811820197.659,Russia-KinoSat_110101,50.0
486,0.762534999847412,19521,1811820197.659,1811820247.659,Russia-KinoSat_110101,50.0
487,0.0,0,1811820247.659,1811820297.659,Russia-KinoSat_110101,50.0
488,0.762534999847412,-19521,1811820297.659,1811820347.659,Russia-KinoSat_110101,50.0
489,0.0,0,1811820347.659,1811820397.659,Russia-KinoSat_110101,50.0
490,0.0,0,1811820397.659,1811820442.645,Russia-KinoSat_110101,44.986000061035156
491,0.0,0,1811820147.659,1811820197.659,Novosib-KinoSat_110101,50.0
492,0.0,0,1811820197.659,1811820247.659,Novosib-KinoSat_110101,50.0
493,0.0,0,1811820247.659,1811820297.659,Novosib-KinoSat_110101,50.0
494,0.0,0,1811820297.659,1811820347.659,Novosib-KinoSat_110101,50.0
495,0.5,3200,1811820347.659,1811820397.659,Novosib-KinoSat_110101,50.0
496,0.4442715519032358,-2558,1811820397.659,1811820442.645,Novosib-KinoSat_110101,44.986000061035156
497,0.1002799987792971,-642,1811820442.645,1811820492.645,Moscow-KinoSat_110101,50.0
498,0.0,0,1811820492.645,1811820523.145,Moscow-KinoSat_110101,30.5
499,0.0,0,1811820442.645,1811820492.645,Norilsk-KinoSat_110101,50.0
500,0.0,0,1811820492.645,1811820523.145,Norilsk-KinoSat_110101,30.5
501,0.0,0,1811820442.645,1811820492.645,Murmansk1-KinoSat_110101,50.0
502,0.0,0,1811820492.645,1811820523.145,Murmansk1-KinoSat_110101,30.5
503,0.0,0,1811820442.645,1811820492.645,Murmansk2-KinoSat_110101,50.0
504,0.0,0,1811820492.645,1811820523.145,Murmansk2-KinoSat_110101,30.5
505,0.0,0,1811820442.645,1811820492.645,Novosib-KinoSat_110101,50.0
506,0.0,0,1811820492.645,1811820523.145,Novosib-KinoSat_110101,30.5
507,0.0,0,1811820523.145,1811820573.145,Moscow-KinoSat_110101,50.0
508,0.0,0,1811820573.145,1811820623.145,Moscow-KinoSat_110101,50.0
509,0.0,0,1811820623.145,1811820647.194,Moscow-KinoSat_110101,24.049000024795532
510,0.0,0,1811820523.145,1811820573.145,Norilsk-KinoSat_110101,50.0
511,0.0,0,1811820573.145,1811820623.145,Norilsk-KinoSat_110101,50.0
512,0.0,0,1811820623.145,1811820647.194,Norilsk-KinoSat_110101,24.049000024795532
513,0.0,0,1811820523.145,1811820573.145,Murmansk1-KinoSat_110101,50.0
514,0.0,0,1811820573.145,1811820623.145,Murmansk1-KinoSat_110101,50.0
515,0.0,0,1811820623.145,1811820647.194,Murmansk1-KinoSat_110101,24.049000024795532
516,0.0,0,1811820523.145,1811820573.145,Murmansk2-KinoSat_110101,50.0
517,0.0,0,1811820573.145,1811820623.145,Murmansk2-KinoSat_110101,50.0
518,0.0,0,1811820623.145,1811820647.194,Murmansk2-KinoSat_110101,24.049000024795532
519,0.0,0,1811820647.194,1811820697.194,Norilsk-KinoSat_110101,50.0
520,0.0,0,1811820697.194,1811820747.194,Norilsk-KinoSat_110101,50.0
521,0.0,0,1811820747.194,1811820766.689,Norilsk-KinoSat_110101,19.494999885559082
522,0.0,0,1811820647.194,1811820697.194,Murmansk1-KinoSat_110101,50.0
523,0.0,0,1811820697.194,1811820747.194,Murmansk1-KinoSat_110101,50.0
524,0.0,0,1811820747.194,1811820766.689,Murmansk1-KinoSat_110101,19.494999885559082
525,0.0,0,1811820647.194,1811820697.194,Murmansk2-KinoSat_110101,50.0
526,0.0,0,1811820697.194,1811820747.194,Murmansk2-KinoSat_110101,50.0
527,0.0,0,1811820747.194,1811820766.689,Murmansk2-KinoSat_110101,19.494999885559082
528,0.0,0,1811820766.689,1811820816.689,Murmansk1-KinoSat_110101,50.0
529,0.0,0,1811820816.689,1811820866.689,Murmansk1-KinoSat_110101,50.0
530,0.0,0,1811820866.689,1811820868.252,Murmansk1-KinoSat_110101,1.563000202178955
531,0.0,0,1811820766.689,1811820816.689,Murmansk2-KinoSat_110101,50.0
532,0.0,0,1811820816.689,1811820866.689,Murmansk2-KinoSat_110101,50.0
533,0.0,0,1811820866.689,1811820868.252,Murmansk2-KinoSat_110101,1.563000202178955
539,0.0,0,1811825849.743,1811825857.871,Moscow-KinoSat_110101,8.128000020980835
540,0.0,0,1811825849.743,1811825857.871,Murmansk1-KinoSat_110101,8.128000020980835
541,0.0,0,1811825849.743,1811825857.871,Murmansk2-KinoSat_110101,8.128000020980835
542,1.0,2510,1811825857.871,1811825877.48,Moscow-KinoSat_110101,19.608999967575073
543,0.0,0,1811825857.871,1811825877.48,Murmansk1-KinoSat_110101,19.608999967575073
544,0.0,0,1811825857.871,1811825877.48,Murmansk2-KinoSat_110101,19.608999967575073
545,0.0,0,1811825857.871,1811825877.48,Russia-KinoSat_110101,19.608999967575073
546,0.39217999935150144,-2510,1811825877.48,1811825927.48,Moscow-KinoSat_110101,50.0
547,0.0,0,1811825927.48,1811825952.904,Moscow-KinoSat_110101,25.424000024795532
548,0.0,0,1811825877.48,1811825927.48,Murmansk1-KinoSat_110101,50.0
549,0.0,0,1811825927.48,1811825952.904,Murmansk1-KinoSat_110101,25.424000024795532
550,0.0,0,1811825877.48,1811825927.48,Murmansk2-KinoSat_110101,50.0
551,0.0,0,1811825927.48,1811825952.904,Murmansk2-KinoSat_110101,25.424000024795532
552,0.0,0,1811825952.904,1811826002.904,Moscow-KinoSat_110101,50.0
553,1.0,6400,1811826002.904,1811826052.904,Moscow-KinoSat_110101,50.0
554,0.2438562497496605,-1561,1811826052.904,1811826102.904,Moscow-KinoSat_110101,50.0
555,0.5,-2623,1811826102.904,1811826143.887,Moscow-KinoSat_110101,40.98300004005432
556,0.3463137498497962,-2216,1811825952.904,1811826002.904,Murmansk1-KinoSat_110101,50.0
557,0.0,0,1811826002.904,1811826052.904,Murmansk1-KinoSat_110101,50.0
558,0.0,0,1811826052.904,1811826102.904,Murmansk1-KinoSat_110101,50.0
559,0.5,2623,1811826102.904,1811826143.887,Murmansk1-KinoSat_110101,40.98300004005432
560,0.34631374984979624,-2216,1811825952.904,1811826002.904,Murmansk2-KinoSat_110101,50.0
561,0.0,0,1811826002.904,1811826052.904,Murmansk2-KinoSat_110101,50.0
562,0.06351625055074717,-407,1811826052.904,1811826102.904,Murmansk2-KinoSat_110101,50.0
563,0.5,2623,1811826102.904,1811826143.887,Murmansk2-KinoSat_110101,40.98300004005432
564,0.6536862501502038,16734,1811825952.904,1811826002.904,Russia-KinoSat_110101,50.0
565,0.0,0,1811826002.904,1811826052.904,Russia-KinoSat_110101,50.0
566,0.7561437502503394,-19357,1811826052.904,1811826102.904,Russia-KinoSat_110101,50.0
567,0.0,0,1811826102.904,1811826143.887,Russia-KinoSat_110101,40.98300004005432
568,0.0,0,1811826143.887,1811826146.188,Moscow-KinoSat_110101,2.300999879837036
569,0.0,0,1811826143.887,1811826146.188,Murmansk1-KinoSat_110101,2.300999879837036
570,0.0,0,1811826143.887,1811826146.188,Murmansk2-KinoSat_110101,2.300999879837036
571,0.0,0,1811826146.188,1811826196.188,Moscow-KinoSat_110101,50.0
572,0.0,0,1811826196.188,1811826246.188,Moscow-KinoSat_110101,50.0
573,0.0,0,1811826246.188,1811826296.188,Moscow-KinoSat_110101,50.0
574,0.0,0,1811826296.188,1811826346.188,Moscow-KinoSat_110101,50.0
575,0.0,0,1811826346.188,1811826396.188,Moscow-KinoSat_110101,50.0
576,0.0,0,1811826396.188,1811826412.918,Moscow-KinoSat_110101,16.730000019073486
577,0.0,0,1811826146.188,1811826196.188,Norilsk-KinoSat_110101,50.0
578,0.0,0,1811826196.188,1811826246.188,Norilsk-KinoSat_110101,50.0
579,0.0,0,1811826246.188,1811826296.188,Norilsk-KinoSat_110101,50.0
580,0.0,0,1811826296.188,1811826346.188,Norilsk-KinoSat_110101,50.0
581,0.0,0,1811826346.188,1811826396.188,Norilsk-KinoSat_110101,50.0
582,0.0,0,1811826396.188,1811826412.918,Norilsk-KinoSat_110101,16.730000019073486
583,0.0,0,1811826146.188,1811826196.188,Murmansk1-KinoSat_110101,50.0
584,0.0,0,1811826196.188,1811826246.188,Murmansk1-KinoSat_110101,50.0
585,0.0,0,1811826246.188,1811826296.188,Murmansk1-KinoSat_110101,50.0
586,0.0,0,1811826296.188,1811826346.188,Murmansk1-KinoSat_110101,50.0
587,0.0,0,1811826346.188,1811826396.188,Murmansk1-KinoSat_110101,50.0
588,0.0,0,1811826396.188,1811826412.918,Murmansk1-KinoSat_110101,16.730000019073486
589,0.0,0,1811826146.188,1811826196.188,Murmansk2-KinoSat_110101,50.0
590,0.0,0,1811826196.188,1811826246.188,Murmansk2-KinoSat_110101,50.0
591,0.0,0,1811826246.188,1811826296.188,Murmansk2-KinoSat_110101,50.0
592,0.0,0,1811826296.188,1811826346.188,Murmansk2-KinoSat_110101,50.0
593,0.0,0,1811826346.188,1811826396.188,Murmansk2-KinoSat_110101,50.0
594,0.0,0,1811826396.188,1811826412.918,Murmansk2-KinoSat_110101,16.730000019073486
595,0.0,0,1811826412.918,1811826462.918,Norilsk-KinoSat_110101,50.0
596,0.0,0,1811826462.918,1811826494.499,Norilsk-KinoSat_110101,31.581000089645386
597,0.0,0,1811826412.918,1811826462.918,Murmansk1-KinoSat_110101,50.0
598,0.0,0,1811826462.918,1811826494.499,Murmansk1-KinoSat_110101,31.581000089645386
599,0.0,0,1811826412.918,1811826462.918,Murmansk2-KinoSat_110101,50.0
600,0.0,0,1811826462.918,1811826494.499,Murmansk2-KinoSat_110101,31.581000089645386
601,0.0,0,1811826494.499,1811826544.499,Murmansk1-KinoSat_110101,50.0
602,0.0,0,1811826544.499,1811826594.499,Murmansk1-KinoSat_110101,50.0
603,0.0,0,1811826594.499,1811826623.201,Murmansk1-KinoSat_110101,28.70199990272522
604,0.0,0,1811826494.499,1811826544.499,Murmansk2-KinoSat_110101,50.0
605,0.0,0,1811826544.499,1811826594.499,Murmansk2-KinoSat_110101,50.0
606,0.0,0,1811826594.499,1811826623.201,Murmansk2-KinoSat_110101,28.70199990272522
611,0.0,0,1811831692.826,1811831742.826,Moscow-KinoSat_110101,50.0
612,0.0,0,1811831742.826,1811831792.826,Moscow-KinoSat_110101,50.0
613,0.0,0,1811831792.826,1811831842.826,Moscow-KinoSat_110101,50.0
614,0.0,0,1811831842.826,1811831892.826,Moscow-KinoSat_110101,50.0
615,0.0,0,1811831892.826,1811831942.826,Moscow-KinoSat_110101,50.0
616,0.0,0,1811831942.826,1811831992.826,Moscow-KinoSat_110101,50.0
617,0.0,0,1811831992.826,1811832042.826,Moscow-KinoSat_110101,50.0
618,0.0,0,1811832042.826,1811832092.826,Moscow-KinoSat_110101,50.0
619,0.0,0,1811832092.826,1811832125.873,Moscow-KinoSat_110101,33.04699993133545
620,0.0,0,1811831692.826,1811831742.826,Murmansk1-KinoSat_110101,50.0
621,0.0,0,1811831742.826,1811831792.826,Murmansk1-KinoSat_110101,50.0
622,0.0,0,1811831792.826,1811831842.826,Murmansk1-KinoSat_110101,50.0
623,0.0,0,1811831842.826,1811831892.826,Murmansk1-KinoSat_110101,50.0
624,0.0,0,1811831892.826,1811831942.826,Murmansk1-KinoSat_110101,50.0
625,0.0,0,1811831942.826,1811831992.826,Murmansk1-KinoSat_110101,50.0
626,0.0,0,1811831992.826,1811832042.826,Murmansk1-KinoSat_110101,50.0
627,0.0,0,1811832042.826,1811832092.826,Murmansk1-KinoSat_110101,50.0
628,0.0,0,1811832092.826,1811832125.873,Murmansk1-KinoSat_110101,33.04699993133545
629,0.0,0,1811831692.826,1811831742.826,Murmansk2-KinoSat_110101,50.0
630,0.0,0,1811831742.826,1811831792.826,Murmansk2-KinoSat_110101,50.0
631,0.0,0,1811831792.826,1811831842.826,Murmansk2-KinoSat_110101,50.0
632,0.0,0,1811831842.826,1811831892.826,Murmansk2-KinoSat_110101,50.0
633,0.0,0,1811831892.826,1811831942.826,Murmansk2-KinoSat_110101,50.0
634,0.0,0,1811831942.826,1811831992.826,Murmansk2-KinoSat_110101,50.0
635,0.0,0,1811831992.826,1811832042.826,Murmansk2-KinoSat_110101,50.0
636,0.0,0,1811832042.826,1811832092.826,Murmansk2-KinoSat_110101,50.0
637,0.0,0,1811832092.826,1811832125.873,Murmansk2-KinoSat_110101,33.04699993133545
638,0.0,0,1811832125.873,1811832175.873,Murmansk1-KinoSat_110101,50.0
639,0.0,0,1811832175.873,1811832225.873,Murmansk1-KinoSat_110101,50.0
640,0.0,0,1811832225.873,1811832275.873,Murmansk1-KinoSat_110101,50.0
641,0.0,0,1811832275.873,1811832325.873,Murmansk1-KinoSat_110101,50.0
642,0.0,0,1811832325.873,1811832375.873,Murmansk1-KinoSat_110101,50.0
643,0.0,0,1811832375.873,1811832380.398,Murmansk1-KinoSat_110101,4.525000095367432
644,0.0,0,1811832125.873,1811832175.873,Murmansk2-KinoSat_110101,50.0
645,0.0,0,1811832175.873,1811832225.873,Murmansk2-KinoSat_110101,50.0
646,0.0,0,1811832225.873,1811832275.873,Murmansk2-KinoSat_110101,50.0
647,0.0,0,1811832275.873,1811832325.873,Murmansk2-KinoSat_110101,50.0
648,0.0,0,1811832325.873,1811832375.873,Murmansk2-KinoSat_110101,50.0
649,0.0,0,1811832375.873,1811832380.398,Murmansk2-KinoSat_110101,4.525000095367432
663,0.0,0,1811837681.762,1811837731.762,Murmansk2-KinoSat_110101,50.0
664,0.0,0,1811837731.762,1811837781.762,Murmansk2-KinoSat_110101,50.0
665,0.0,0,1811837781.762,1811837831.762,Murmansk2-KinoSat_110101,50.0
666,0.0,0,1811837831.762,1811837881.762,Murmansk2-KinoSat_110101,50.0
667,0.0,0,1811837881.762,1811837931.762,Murmansk2-KinoSat_110101,50.0
668,0.0,0,1811837931.762,1811837981.762,Murmansk2-KinoSat_110101,50.0
669,0.0,0,1811837981.762,1811838031.762,Murmansk2-KinoSat_110101,50.0
670,0.0,0,1811838031.762,1811838081.762,Murmansk2-KinoSat_110101,50.0
671,0.0,0,1811838081.762,1811838113.394,Murmansk2-KinoSat_110101,31.631999969482422
672,0.0,0,1811837681.762,1811837731.762,Murmansk1-KinoSat_110101,50.0
673,0.0,0,1811837731.762,1811837781.762,Murmansk1-KinoSat_110101,50.0
674,0.0,0,1811837781.762,1811837831.762,Murmansk1-KinoSat_110101,50.0
675,0.0,0,1811837831.762,1811837881.762,Murmansk1-KinoSat_110101,50.0
676,0.0,0,1811837881.762,1811837931.762,Murmansk1-KinoSat_110101,50.0
677,0.0,0,1811837931.762,1811837981.762,Murmansk1-KinoSat_110101,50.0
678,0.0,0,1811837981.762,1811838031.762,Murmansk1-KinoSat_110101,50.0
679,0.0,0,1811838031.762,1811838081.762,Murmansk1-KinoSat_110101,50.0
680,0.0,0,1811838081.762,1811838113.394,Murmansk1-KinoSat_110101,31.631999969482422
685,0.0,0,1811838428.572,1811838478.572,Magadan2-KinoSat_110101,50.0
686,0.0,0,1811838478.572,1811838528.572,Magadan2-KinoSat_110101,50.0
687,0.0,0,1811838528.572,1811838578.572,Magadan2-KinoSat_110101,50.0
688,0.0,0,1811838578.572,1811838628.572,Magadan2-KinoSat_110101,50.0
689,0.0,0,1811838628.572,1811838678.572,Magadan2-KinoSat_110101,50.0
690,0.0,0,1811838678.572,1811838728.572,Magadan2-KinoSat_110101,50.0
691,0.0,0,1811838728.572,1811838778.572,Magadan2-KinoSat_110101,50.0
692,0.0,0,1811838778.572,1811838828.572,Magadan2-KinoSat_110101,50.0
693,0.0,0,1811838828.572,1811838878.572,Magadan2-KinoSat_110101,50.0
694,0.0,0,1811838878.572,1811838928.572,Magadan2-KinoSat_110101,50.0
695,0.0,0,1811838928.572,1811838968.816,Magadan2-KinoSat_110101,40.24399995803833
696,0.0,0,1811838428.572,1811838478.572,Anadyr2-KinoSat_110101,50.0
697,0.0,0,1811838478.572,1811838528.572,Anadyr2-KinoSat_110101,50.0
698,0.0,0,1811838528.572,1811838578.572,Anadyr2-KinoSat_110101,50.0
699,0.0,0,1811838578.572,1811838628.572,Anadyr2-KinoSat_110101,50.0
700,0.0,0,1811838628.572,1811838678.572,Anadyr2-KinoSat_110101,50.0
701,0.0,0,1811838678.572,1811838728.572,Anadyr2-KinoSat_110101,50.0
702,0.0,0,1811838728.572,1811838778.572,Anadyr2-KinoSat_110101,50.0
703,0.0,0,1811838778.572,1811838828.572,Anadyr2-KinoSat_110101,50.0
704,0.0,0,1811838828.572,1811838878.572,Anadyr2-KinoSat_110101,50.0
705,0.0,0,1811838878.572,1811838928.572,Anadyr2-KinoSat_110101,50.0
706,0.0,0,1811838928.572,1811838968.816,Anadyr2-KinoSat_110101,40.24399995803833
707,0.0,0,1811838428.572,1811838478.572,Magadan1-KinoSat_110101,50.0
708,0.0,0,1811838478.572,1811838528.572,Magadan1-KinoSat_110101,50.0
709,0.0,0,1811838528.572,1811838578.572,Magadan1-KinoSat_110101,50.0
710,0.0,0,1811838578.572,1811838628.572,Magadan1-KinoSat_110101,50.0
711,0.0,0,1811838628.572,1811838678.572,Magadan1-KinoSat_110101,50.0
712,0.0,0,1811838678.572,1811838728.572,Magadan1-KinoSat_110101,50.0
713,0.0,0,1811838728.572,1811838778.572,Magadan1-KinoSat_110101,50.0
714,0.0,0,1811838778.572,1811838828.572,Magadan1-KinoSat_110101,50.0
715,0.0,0,1811838828.572,1811838878.572,Magadan1-KinoSat_110101,50.0
716,0.0,0,1811838878.572,1811838928.572,Magadan1-KinoSat_110101,50.0
717,0.0,0,1811838928.572,1811838968.816,Magadan1-KinoSat_110101,40.24399995803833
722,0.0,0,1811844137.024,1811844187.024,Magadan2-KinoSat_110101,50.0
723,0.0,0,1811844187.024,1811844237.024,Magadan2-KinoSat_110101,50.0
724,0.0,0,1811844237.024,1811844287.024,Magadan2-KinoSat_110101,50.0
725,0.0,0,1811844287.024,1811844337.024,Magadan2-KinoSat_110101,50.0
726,0.0,0,1811844337.024,1811844387.024,Magadan2-KinoSat_110101,50.0
727,0.0,0,1811844387.024,1811844437.024,Magadan2-KinoSat_110101,50.0
728,0.0,0,1811844437.024,1811844487.024,Magadan2-KinoSat_110101,50.0
729,0.0,0,1811844487.024,1811844537.024,Magadan2-KinoSat_110101,50.0
730,0.0,0,1811844537.024,1811844587.024,Magadan2-KinoSat_110101,50.0
731,0.0,0,1811844587.024,1811844637.024,Magadan2-KinoSat_110101,50.0
732,0.0,0,1811844637.024,1811844687.024,Magadan2-KinoSat_110101,50.0
733,0.0,0,1811844687.024,1811844737.024,Magadan2-KinoSat_110101,50.0
734,0.0,0,1811844737.024,1811844754.983,Magadan2-KinoSat_110101,17.95900011062622
735,0.0,0,1811844137.024,1811844187.024,Anadyr2-KinoSat_110101,50.0
736,0.0,0,1811844187.024,1811844237.024,Anadyr2-KinoSat_110101,50.0
737,0.0,0,1811844237.024,1811844287.024,Anadyr2-KinoSat_110101,50.0
738,0.0,0,1811844287.024,1811844337.024,Anadyr2-KinoSat_110101,50.0
739,0.0,0,1811844337.024,1811844387.024,Anadyr2-KinoSat_110101,50.0
740,0.0,0,1811844387.024,1811844437.024,Anadyr2-KinoSat_110101,50.0
741,0.0,0,1811844437.024,1811844487.024,Anadyr2-KinoSat_110101,50.0
742,0.0,0,1811844487.024,1811844537.024,Anadyr2-KinoSat_110101,50.0
743,0.0,0,1811844537.024,1811844587.024,Anadyr2-KinoSat_110101,50.0
744,0.0,0,1811844587.024,1811844637.024,Anadyr2-KinoSat_110101,50.0
745,0.0,0,1811844637.024,1811844687.024,Anadyr2-KinoSat_110101,50.0
746,0.0,0,1811844687.024,1811844737.024,Anadyr2-KinoSat_110101,50.0
747,0.0,0,1811844737.024,1811844754.983,Anadyr2-KinoSat_110101,17.95900011062622
748,0.0,0,1811844137.024,1811844187.024,Magadan1-KinoSat_110101,50.0
749,0.0,0,1811844187.024,1811844237.024,Magadan1-KinoSat_110101,50.0
750,0.0,0,1811844237.024,1811844287.024,Magadan1-KinoSat_110101,50.0
751,0.0,0,1811844287.024,1811844337.024,Magadan1-KinoSat_110101,50.0
752,0.0,0,1811844337.024,1811844387.024,Magadan1-KinoSat_110101,50.0
753,0.0,0,1811844387.024,1811844437.024,Magadan1-KinoSat_110101,50.0
754,0.0,0,1811844437.024,1811844487.024,Magadan1-KinoSat_110101,50.0
755,0.0,0,1811844487.024,1811844537.024,Magadan1-KinoSat_110101,50.0
756,0.0,0,1811844537.024,1811844587.024,Magadan1-KinoSat_110101,50.0
757,0.0,0,1811844587.024,1811844637.024,Magadan1-KinoSat_110101,50.0
758,0.0,0,1811844637.024,1811844687.024,Magadan1-KinoSat_110101,50.0
759,0.0,0,1811844687.024,1811844737.024,Magadan1-KinoSat_110101,50.0
760,0.0,0,1811844737.024,1811844754.983,Magadan1-KinoSat_110101,17.95900011062622
761,0.0,0,1811844754.983,1811844804.983,Magadan2-KinoSat_110101,50.0
762,0.0,0,1811844804.983,1811844854.983,Magadan2-KinoSat_110101,50.0
763,0.0,0,1811844854.983,1811844896.79,Magadan2-KinoSat_110101,41.806999921798706
764,0.0,0,1811844754.983,1811844804.983,Magadan1-KinoSat_110101,50.0
765,0.0,0,1811844804.983,1811844854.983,Magadan1-KinoSat_110101,50.0
766,0.0,0,1811844854.983,1811844896.79,Magadan1-KinoSat_110101,41.806999921798706
770,0.0,0,1811849877.535,1811849891.67,Norilsk-KinoSat_110101,14.134999990463257
771,0.0,0,1811849877.535,1811849891.67,Anadyr2-KinoSat_110101,14.134999990463257
772,0.0,0,1811849891.67,1811849941.67,Magadan2-KinoSat_110101,50.0
773,0.0,0,1811849941.67,1811849991.67,Magadan2-KinoSat_110101,50.0
774,0.0,0,1811849991.67,1811850041.67,Magadan2-KinoSat_110101,50.0
775,0.0,0,1811850041.67,1811850091.67,Magadan2-KinoSat_110101,50.0
776,0.0,0,1811850091.67,1811850141.67,Magadan2-KinoSat_110101,50.0
777,0.0,0,1811850141.67,1811850170.42,Magadan2-KinoSat_110101,28.75
778,0.0,0,1811849891.67,1811849941.67,Norilsk-KinoSat_110101,50.0
779,0.0,0,1811849941.67,1811849991.67,Norilsk-KinoSat_110101,50.0
780,0.0,0,1811849991.67,1811850041.67,Norilsk-KinoSat_110101,50.0
781,0.0,0,1811850041.67,1811850091.67,Norilsk-KinoSat_110101,50.0
782,0.0,0,1811850091.67,1811850141.67,Norilsk-KinoSat_110101,50.0
783,0.0,0,1811850141.67,1811850170.42,Norilsk-KinoSat_110101,28.75
784,0.0,0,1811849891.67,1811849941.67,Anadyr2-KinoSat_110101,50.0
785,0.0,0,1811849941.67,1811849991.67,Anadyr2-KinoSat_110101,50.0
786,0.0,0,1811849991.67,1811850041.67,Anadyr2-KinoSat_110101,50.0
787,0.0,0,1811850041.67,1811850091.67,Anadyr2-KinoSat_110101,50.0
788,0.0,0,1811850091.67,1811850141.67,Anadyr2-KinoSat_110101,50.0
789,0.0,0,1811850141.67,1811850170.42,Anadyr2-KinoSat_110101,28.75
790,0.0,0,1811849891.67,1811849941.67,Magadan1-KinoSat_110101,50.0
791,0.0,0,1811849941.67,1811849991.67,Magadan1-KinoSat_110101,50.0
792,0.0,0,1811849991.67,1811850041.67,Magadan1-KinoSat_110101,50.0
793,0.0,0,1811850041.67,1811850091.67,Magadan1-KinoSat_110101,50.0
794,0.0,0,1811850091.67,1811850141.67,Magadan1-KinoSat_110101,50.0
795,0.0,0,1811850141.67,1811850170.42,Magadan1-KinoSat_110101,28.75
796,0.0,0,1811850170.42,1811850220.42,Magadan2-KinoSat_110101,50.0
797,0.0,0,1811850220.42,1811850270.42,Magadan2-KinoSat_110101,50.0
798,0.0,0,1811850270.42,1811850320.42,Magadan2-KinoSat_110101,50.0
799,0.0,0,1811850320.42,1811850351.252,Magadan2-KinoSat_110101,30.832000017166138
800,0.0,0,1811850170.42,1811850220.42,Norilsk-KinoSat_110101,50.0
801,0.0,0,1811850220.42,1811850270.42,Norilsk-KinoSat_110101,50.0
802,0.0,0,1811850270.42,1811850320.42,Norilsk-KinoSat_110101,50.0
803,0.0,0,1811850320.42,1811850351.252,Norilsk-KinoSat_110101,30.832000017166138
804,0.0,0,1811850170.42,1811850220.42,Anadyr2-KinoSat_110101,50.0
805,0.0,0,1811850220.42,1811850270.42,Anadyr2-KinoSat_110101,50.0
806,0.0,0,1811850270.42,1811850320.42,Anadyr2-KinoSat_110101,50.0
807,0.0,0,1811850320.42,1811850351.252,Anadyr2-KinoSat_110101,30.832000017166138
808,0.0,0,1811850170.42,1811850220.42,Magadan1-KinoSat_110101,50.0
809,0.0,0,1811850220.42,1811850270.42,Magadan1-KinoSat_110101,50.0
810,0.0,0,1811850270.42,1811850320.42,Magadan1-KinoSat_110101,50.0
811,0.0,0,1811850320.42,1811850351.252,Magadan1-KinoSat_110101,30.832000017166138
812,0.0,0,1811850170.42,1811850220.42,Irkutsk-KinoSat_110101,50.0
813,0.0,0,1811850220.42,1811850270.42,Irkutsk-KinoSat_110101,50.0
814,0.0,0,1811850270.42,1811850320.42,Irkutsk-KinoSat_110101,50.0
815,0.0,0,1811850320.42,1811850351.252,Irkutsk-KinoSat_110101,30.832000017166138
816,0.0,0,1811850351.252,1811850401.252,Magadan2-KinoSat_110101,50.0
817,0.0,0,1811850401.252,1811850401.68,Magadan2-KinoSat_110101,0.42799997329711914
818,0.0,0,1811850351.252,1811850401.252,Anadyr2-KinoSat_110101,50.0
819,0.0,0,1811850401.252,1811850401.68,Anadyr2-KinoSat_110101,0.42799997329711914
820,0.0,0,1811850351.252,1811850401.252,Magadan1-KinoSat_110101,50.0
821,0.0,0,1811850401.252,1811850401.68,Magadan1-KinoSat_110101,0.42799997329711914
822,0.0,0,1811850351.252,1811850401.252,Irkutsk-KinoSat_110101,50.0
823,0.0,0,1811850401.252,1811850401.68,Irkutsk-KinoSat_110101,0.42799997329711914
824,0.0,0,1811850401.68,1811850451.68,Magadan2-KinoSat_110101,50.0
825,0.0,0,1811850451.68,1811850501.68,Magadan2-KinoSat_110101,50.0
826,0.0,0,1811850501.68,1811850551.68,Magadan2-KinoSat_110101,50.0
827,0.0,0,1811850551.68,1811850601.68,Magadan2-KinoSat_110101,50.0
828,0.0,0,1811850601.68,1811850637.507,Magadan2-KinoSat_110101,35.82699990272522
829,0.0,0,1811850401.68,1811850451.68,Magadan1-KinoSat_110101,50.0
830,0.0,0,1811850451.68,1811850501.68,Magadan1-KinoSat_110101,50.0
831,0.0,0,1811850501.68,1811850551.68,Magadan1-KinoSat_110101,50.0
832,0.0,0,1811850551.68,1811850601.68,Magadan1-KinoSat_110101,50.0
833,0.0,0,1811850601.68,1811850637.507,Magadan1-KinoSat_110101,35.82699990272522
834,0.0,0,1811850401.68,1811850451.68,Irkutsk-KinoSat_110101,50.0
835,0.0,0,1811850451.68,1811850501.68,Irkutsk-KinoSat_110101,50.0
836,0.0,0,1811850501.68,1811850551.68,Irkutsk-KinoSat_110101,50.0
837,0.0,0,1811850551.68,1811850601.68,Irkutsk-KinoSat_110101,50.0
838,0.0,0,1811850601.68,1811850637.507,Irkutsk-KinoSat_110101,35.82699990272522
845,0.0,0,1811855622.835,1811855657.753,Norilsk-KinoSat_110101,34.91799998283386
846,0.0,0,1811855622.835,1811855657.753,Anadyr2-KinoSat_110101,34.91799998283386
847,0.0,0,1811855657.753,1811855707.753,Magadan2-KinoSat_110101,50.0
848,0.0,0,1811855707.753,1811855757.753,Magadan2-KinoSat_110101,50.0
849,0.0,0,1811855757.753,1811855807.753,Magadan2-KinoSat_110101,50.0
850,0.0,0,1811855807.753,1811855857.118,Magadan2-KinoSat_110101,49.36500000953674
851,0.0,0,1811855657.753,1811855707.753,Norilsk-KinoSat_110101,50.0
852,0.0,0,1811855707.753,1811855757.753,Norilsk-KinoSat_110101,50.0
853,0.0,0,1811855757.753,1811855807.753,Norilsk-KinoSat_110101,50.0
854,0.0,0,1811855807.753,1811855857.118,Norilsk-KinoSat_110101,49.36500000953674
855,0.0,0,1811855657.753,1811855707.753,Anadyr2-KinoSat_110101,50.0
856,0.0,0,1811855707.753,1811855757.753,Anadyr2-KinoSat_110101,50.0
857,0.0,0,1811855757.753,1811855807.753,Anadyr2-KinoSat_110101,50.0
858,0.0,0,1811855807.753,1811855857.118,Anadyr2-KinoSat_110101,49.36500000953674
859,0.0,0,1811855657.753,1811855707.753,Magadan1-KinoSat_110101,50.0
860,0.0,0,1811855707.753,1811855757.753,Magadan1-KinoSat_110101,50.0
861,0.0,0,1811855757.753,1811855807.753,Magadan1-KinoSat_110101,50.0
862,0.0,0,1811855807.753,1811855857.118,Magadan1-KinoSat_110101,49.36500000953674
863,0.0,0,1811855857.118,1811855896.966,Magadan2-KinoSat_110101,39.848000049591064
864,0.0,0,1811855857.118,1811855896.966,Norilsk-KinoSat_110101,39.848000049591064
865,0.0,0,1811855857.118,1811855896.966,Anadyr2-KinoSat_110101,39.848000049591064
866,0.0,0,1811855857.118,1811855896.966,Magadan1-KinoSat_110101,39.848000049591064
867,0.0,0,1811855857.118,1811855896.966,Irkutsk-KinoSat_110101,39.848000049591064
868,0.0,0,1811855896.966,1811855946.966,Magadan2-KinoSat_110101,50.0
869,0.0,0,1811855946.966,1811855996.966,Magadan2-KinoSat_110101,50.0
870,0.0,0,1811855996.966,1811855999.658,Magadan2-KinoSat_110101,2.691999912261963
871,0.0,0,1811855896.966,1811855946.966,Norilsk-KinoSat_110101,50.0
872,0.0,0,1811855946.966,1811855996.966,Norilsk-KinoSat_110101,50.0
873,0.0,0,1811855996.966,1811855999.658,Norilsk-KinoSat_110101,2.691999912261963
874,0.0,0,1811855896.966,1811855946.966,Anadyr2-KinoSat_110101,50.0
875,0.0,0,1811855946.966,1811855996.966,Anadyr2-KinoSat_110101,50.0
876,0.0,0,1811855996.966,1811855999.658,Anadyr2-KinoSat_110101,2.691999912261963
877,0.0,0,1811855896.966,1811855946.966,Magadan1-KinoSat_110101,50.0
878,0.0,0,1811855946.966,1811855996.966,Magadan1-KinoSat_110101,50.0
879,0.0,0,1811855996.966,1811855999.658,Magadan1-KinoSat_110101,2.691999912261963
880,0.0,0,1811855896.966,1811855946.966,Novosib-KinoSat_110101,50.0
881,0.0,0,1811855946.966,1811855996.966,Novosib-KinoSat_110101,50.0
882,0.0,0,1811855996.966,1811855999.658,Novosib-KinoSat_110101,2.691999912261963
883,0.0,0,1811855896.966,1811855946.966,Irkutsk-KinoSat_110101,50.0
884,0.0,0,1811855946.966,1811855996.966,Irkutsk-KinoSat_110101,50.0
885,0.0,0,1811855996.966,1811855999.658,Irkutsk-KinoSat_110101,2.691999912261963
886,0.0,0,1811855999.658,1811856049.658,Magadan2-KinoSat_110101,50.0
887,0.0,0,1811856049.658,1811856099.658,Magadan2-KinoSat_110101,50.0
888,0.0,0,1811856099.658,1811856149.658,Magadan2-KinoSat_110101,50.0
889,0.0,0,1811856149.658,1811856199.658,Magadan2-KinoSat_110101,50.0
890,0.0,0,1811856199.658,1811856240.961,Magadan2-KinoSat_110101,41.30299997329712
891,0.0,0,1811855999.658,1811856049.658,Norilsk-KinoSat_110101,50.0
892,0.0,0,1811856049.658,1811856099.658,Norilsk-KinoSat_110101,50.0
893,0.0,0,1811856099.658,1811856149.658,Norilsk-KinoSat_110101,50.0
894,0.0,0,1811856149.658,1811856199.658,Norilsk-KinoSat_110101,50.0
895,0.0,0,1811856199.658,1811856240.961,Norilsk-KinoSat_110101,41.30299997329712
896,0.0,0,1811855999.658,1811856049.658,Magadan1-KinoSat_110101,50.0
897,0.0,0,1811856049.658,1811856099.658,Magadan1-KinoSat_110101,50.0
898,0.0,0,1811856099.658,1811856149.658,Magadan1-KinoSat_110101,50.0
899,0.0,0,1811856149.658,1811856199.658,Magadan1-KinoSat_110101,50.0
900,0.0,0,1811856199.658,1811856240.961,Magadan1-KinoSat_110101,41.30299997329712
901,0.0,0,1811855999.658,1811856049.658,Novosib-KinoSat_110101,50.0
902,0.0,0,1811856049.658,1811856099.658,Novosib-KinoSat_110101,50.0
903,0.0,0,1811856099.658,1811856149.658,Novosib-KinoSat_110101,50.0
904,0.0,0,1811856149.658,1811856199.658,Novosib-KinoSat_110101,50.0
905,0.0,0,1811856199.658,1811856240.961,Novosib-KinoSat_110101,41.30299997329712
906,0.0,0,1811855999.658,1811856049.658,Irkutsk-KinoSat_110101,50.0
907,0.0,0,1811856049.658,1811856099.658,Irkutsk-KinoSat_110101,50.0
908,0.0,0,1811856099.658,1811856149.658,Irkutsk-KinoSat_110101,50.0
909,0.0,0,1811856149.658,1811856199.658,Irkutsk-KinoSat_110101,50.0
910,0.0,0,1811856199.658,1811856240.961,Irkutsk-KinoSat_110101,41.30299997329712
911,0.0,0,1811856240.961,1811856290.961,Norilsk-KinoSat_110101,50.0
912,0.0,0,1811856290.961,1811856319.493,Norilsk-KinoSat_110101,28.532000064849854
913,0.0,0,1811856240.961,1811856290.961,Novosib-KinoSat_110101,50.0
914,0.0,0,1811856290.961,1811856319.493,Novosib-KinoSat_110101,28.532000064849854
915,0.0,0,1811856240.961,1811856290.961,Irkutsk-KinoSat_110101,50.0
916,0.0,0,1811856290.961,1811856319.493,Irkutsk-KinoSat_110101,28.532000064849854
917,0.0,0,1811856319.493,1811856369.493,Novosib-KinoSat_110101,50.0
918,0.0,0,1811856369.493,1811856419.493,Novosib-KinoSat_110101,50.0
919,0.0,0,1811856419.493,1811856469.493,Novosib-KinoSat_110101,50.0
920,0.0,0,1811856469.493,1811856505.383,Novosib-KinoSat_110101,35.889999866485596
921,0.0,0,1811856319.493,1811856369.493,Irkutsk-KinoSat_110101,50.0
922,0.0,0,1811856369.493,1811856419.493,Irkutsk-KinoSat_110101,50.0
923,0.0,0,1811856419.493,1811856469.493,Irkutsk-KinoSat_110101,50.0
924,0.0,0,1811856469.493,1811856505.383,Irkutsk-KinoSat_110101,35.889999866485596
934,0.0,0,1811861382.752,1811861414.936,Norilsk-KinoSat_110101,32.18400001525879
935,0.0,0,1811861382.752,1811861414.936,Anadyr2-KinoSat_110101,32.18400001525879
936,0.0,0,1811861414.936,1811861464.936,Magadan2-KinoSat_110101,50.0
937,0.0,0,1811861464.936,1811861514.936,Magadan2-KinoSat_110101,50.0
938,0.0,0,1811861514.936,1811861559.095,Magadan2-KinoSat_110101,44.15899991989136
939,0.0,0,1811861414.936,1811861464.936,Norilsk-KinoSat_110101,50.0
940,0.0,0,1811861464.936,1811861514.936,Norilsk-KinoSat_110101,50.0
941,0.0,0,1811861514.936,1811861559.095,Norilsk-KinoSat_110101,44.15899991989136
942,0.0,0,1811861414.936,1811861464.936,Anadyr2-KinoSat_110101,50.0
943,0.0,0,1811861464.936,1811861514.936,Anadyr2-KinoSat_110101,50.0
944,0.0,0,1811861514.936,1811861559.095,Anadyr2-KinoSat_110101,44.15899991989136
945,0.0,0,1811861414.936,1811861464.936,Magadan1-KinoSat_110101,50.0
946,0.0,0,1811861464.936,1811861514.936,Magadan1-KinoSat_110101,50.0
947,0.0,0,1811861514.936,1811861559.095,Magadan1-KinoSat_110101,44.15899991989136
948,0.0,0,1811861559.095,1811861609.095,Magadan2-KinoSat_110101,50.0
949,0.0,0,1811861609.095,1811861610.317,Magadan2-KinoSat_110101,1.2219998836517334
950,0.0,0,1811861559.095,1811861609.095,Norilsk-KinoSat_110101,50.0
951,0.0,0,1811861609.095,1811861610.317,Norilsk-KinoSat_110101,1.2219998836517334
952,0.0,0,1811861559.095,1811861609.095,Murmansk2-KinoSat_110101,50.0
953,0.0,0,1811861609.095,1811861610.317,Murmansk2-KinoSat_110101,1.2219998836517334
954,0.0,0,1811861559.095,1811861609.095,Murmansk1-KinoSat_110101,50.0
955,0.0,0,1811861609.095,1811861610.317,Murmansk1-KinoSat_110101,1.2219998836517334
956,0.0,0,1811861559.095,1811861609.095,Anadyr2-KinoSat_110101,50.0
957,0.0,0,1811861609.095,1811861610.317,Anadyr2-KinoSat_110101,1.2219998836517334
958,0.0,0,1811861559.095,1811861609.095,Magadan1-KinoSat_110101,50.0
959,0.0,0,1811861609.095,1811861610.317,Magadan1-KinoSat_110101,1.2219998836517334
960,0.0,0,1811861610.317,1811861624.071,Magadan2-KinoSat_110101,13.754000186920166
961,0.0,0,1811861610.317,1811861624.071,Norilsk-KinoSat_110101,13.754000186920166
962,0.0,0,1811861610.317,1811861624.071,Murmansk2-KinoSat_110101,13.754000186920166
963,0.0,0,1811861610.317,1811861624.071,Murmansk1-KinoSat_110101,13.754000186920166
964,0.0,0,1811861610.317,1811861624.071,Anadyr2-KinoSat_110101,13.754000186920166
965,0.0,0,1811861610.317,1811861624.071,Magadan1-KinoSat_110101,13.754000186920166
966,0.0,0,1811861610.317,1811861624.071,Novosib-KinoSat_110101,13.754000186920166
967,0.0,0,1811861624.071,1811861631.044,Magadan2-KinoSat_110101,6.972999811172485
968,0.0,0,1811861624.071,1811861631.044,Norilsk-KinoSat_110101,6.972999811172485
969,0.0,0,1811861624.071,1811861631.044,Murmansk2-KinoSat_110101,6.972999811172485
970,0.0,0,1811861624.071,1811861631.044,Murmansk1-KinoSat_110101,6.972999811172485
971,0.0,0,1811861624.071,1811861631.044,Anadyr2-KinoSat_110101,6.972999811172485
972,0.0,0,1811861624.071,1811861631.044,Magadan1-KinoSat_110101,6.972999811172485
973,0.0,0,1811861624.071,1811861631.044,Novosib-KinoSat_110101,6.972999811172485
974,0.0,0,1811861624.071,1811861631.044,Irkutsk-KinoSat_110101,6.972999811172485
975,0.0,0,1811861631.044,1811861681.044,Magadan2-KinoSat_110101,50.0
976,0.0,0,1811861681.044,1811861731.044,Magadan2-KinoSat_110101,50.0
977,0.0,0,1811861731.044,1811861748.999,Magadan2-KinoSat_110101,17.955000162124634
978,0.0,0,1811861631.044,1811861681.044,Norilsk-KinoSat_110101,50.0
979,0.0,0,1811861681.044,1811861731.044,Norilsk-KinoSat_110101,50.0
980,0.0,0,1811861731.044,1811861748.999,Norilsk-KinoSat_110101,17.955000162124634
981,0.0,0,1811861631.044,1811861681.044,Murmansk2-KinoSat_110101,50.0
982,0.0,0,1811861681.044,1811861731.044,Murmansk2-KinoSat_110101,50.0
983,0.0,0,1811861731.044,1811861748.999,Murmansk2-KinoSat_110101,17.955000162124634
984,0.0,0,1811861631.044,1811861681.044,Murmansk1-KinoSat_110101,50.0
985,0.0,0,1811861681.044,1811861731.044,Murmansk1-KinoSat_110101,50.0
986,0.0,0,1811861731.044,1811861748.999,Murmansk1-KinoSat_110101,17.955000162124634
987,0.0,0,1811861631.044,1811861681.044,Magadan1-KinoSat_110101,50.0
988,0.0,0,1811861681.044,1811861731.044,Magadan1-KinoSat_110101,50.0
989,0.0,0,1811861731.044,1811861748.999,Magadan1-KinoSat_110101,17.955000162124634
990,0.0,0,1811861631.044,1811861681.044,Novosib-KinoSat_110101,50.0
991,0.0,0,1811861681.044,1811861731.044,Novosib-KinoSat_110101,50.0
992,0.0,0,1811861731.044,1811861748.999,Novosib-KinoSat_110101,17.955000162124634
993,0.0,0,1811861631.044,1811861681.044,Irkutsk-KinoSat_110101,50.0
994,0.0,0,1811861681.044,1811861731.044,Irkutsk-KinoSat_110101,50.0
995,0.0,0,1811861731.044,1811861748.999,Irkutsk-KinoSat_110101,17.955000162124634
996,0.0,0,1811861748.999,1811861798.999,Norilsk-KinoSat_110101,50.0
997,0.0,0,1811861798.999,1811861848.999,Norilsk-KinoSat_110101,50.0
998,0.0,0,1811861848.999,1811861884.886,Norilsk-KinoSat_110101,35.88699984550476
999,0.0,0,1811861748.999,1811861798.999,Murmansk2-KinoSat_110101,50.0
1000,0.0,0,1811861798.999,1811861848.999,Murmansk2-KinoSat_110101,50.0
1001,0.0,0,1811861848.999,1811861884.886,Murmansk2-KinoSat_110101,35.88699984550476
1002,0.0,0,1811861748.999,1811861798.999,Murmansk1-KinoSat_110101,50.0
1003,0.0,0,1811861798.999,1811861848.999,Murmansk1-KinoSat_110101,50.0
1004,0.0,0,1811861848.999,1811861884.886,Murmansk1-KinoSat_110101,35.88699984550476
1005,0.0,0,1811861748.999,1811861798.999,Novosib-KinoSat_110101,50.0
1006,0.0,0,1811861798.999,1811861848.999,Novosib-KinoSat_110101,50.0
1007,0.0,0,1811861848.999,1811861884.886,Novosib-KinoSat_110101,35.88699984550476
1008,0.0,0,1811861748.999,1811861798.999,Irkutsk-KinoSat_110101,50.0
1009,0.0,0,1811861798.999,1811861848.999,Irkutsk-KinoSat_110101,50.0
1010,0.0,0,1811861848.999,1811861884.886,Irkutsk-KinoSat_110101,35.88699984550476
1011,0.0,0,1811861884.886,1811861934.886,Norilsk-KinoSat_110101,50.0
1012,0.0,0,1811861934.886,1811861984.886,Norilsk-KinoSat_110101,50.0
1013,0.0,0,1811861984.886,1811862034.886,Norilsk-KinoSat_110101,50.0
1014,0.0,0,1811862034.886,1811862084.886,Norilsk-KinoSat_110101,50.0
1015,0.0,0,1811862084.886,1811862134.886,Norilsk-KinoSat_110101,50.0
1016,0.0,0,1811862134.886,1811862156.816,Norilsk-KinoSat_110101,21.930000066757202
1017,0.0,0,1811861884.886,1811861934.886,Novosib-KinoSat_110101,50.0
1018,0.0,0,1811861934.886,1811861984.886,Novosib-KinoSat_110101,50.0
1019,0.0,0,1811861984.886,1811862034.886,Novosib-KinoSat_110101,50.0
1020,0.0,0,1811862034.886,1811862084.886,Novosib-KinoSat_110101,50.0
1021,0.0,0,1811862084.886,1811862134.886,Novosib-KinoSat_110101,50.0
1022,0.0,0,1811862134.886,1811862156.816,Novosib-KinoSat_110101,21.930000066757202
1023,0.0,0,1811861884.886,1811861934.886,Irkutsk-KinoSat_110101,50.0
1024,0.0,0,1811861934.886,1811861984.886,Irkutsk-KinoSat_110101,50.0
1025,0.0,0,1811861984.886,1811862034.886,Irkutsk-KinoSat_110101,50.0
1026,0.0,0,1811862034.886,1811862084.886,Irkutsk-KinoSat_110101,50.0
1027,0.0,0,1811862084.886,1811862134.886,Irkutsk-KinoSat_110101,50.0
1028,0.0,0,1811862134.886,1811862156.816,Irkutsk-KinoSat_110101,21.930000066757202
1029,0.0,0,1811862156.816,1811862206.816,Novosib-KinoSat_110101,50.0
1030,0.0,0,1811862206.816,1811862256.816,Novosib-KinoSat_110101,50.0
1031,0.0,0,1811862256.816,1811862306.816,Novosib-KinoSat_110101,50.0
1032,0.0,0,1811862306.816,1811862312.61,Novosib-KinoSat_110101,5.793999910354614
1033,0.0,0,1811862156.816,1811862206.816,Irkutsk-KinoSat_110101,50.0
1034,0.0,0,1811862206.816,1811862256.816,Irkutsk-KinoSat_110101,50.0
1035,0.0,0,1811862256.816,1811862306.816,Irkutsk-KinoSat_110101,50.0
1036,0.0,0,1811862306.816,1811862312.61,Irkutsk-KinoSat_110101,5.793999910354614
1047,0.0,0,1811867065.42,1811867115.42,Magadan2-KinoSat_110101,50.0
1048,0.0,0,1811867115.42,1811867137.653,Magadan2-KinoSat_110101,22.23300004005432
1049,0.0,0,1811867065.42,1811867115.42,Anadyr2-KinoSat_110101,50.0
1050,0.0,0,1811867115.42,1811867137.653,Anadyr2-KinoSat_110101,22.23300004005432
1051,0.0,0,1811867065.42,1811867115.42,Magadan1-KinoSat_110101,50.0
1052,0.0,0,1811867115.42,1811867137.653,Magadan1-KinoSat_110101,22.23300004005432
1053,0.0,0,1811867137.653,1811867187.653,Magadan2-KinoSat_110101,50.0
1054,0.0,0,1811867187.653,1811867237.653,Magadan2-KinoSat_110101,50.0
1055,0.0,0,1811867237.653,1811867273.414,Magadan2-KinoSat_110101,35.76099991798401
1056,0.0,0,1811867137.653,1811867187.653,Norilsk-KinoSat_110101,50.0
1057,0.0,0,1811867187.653,1811867237.653,Norilsk-KinoSat_110101,50.0
1058,0.0,0,1811867237.653,1811867273.414,Norilsk-KinoSat_110101,35.76099991798401
1059,0.0,0,1811867137.653,1811867187.653,Anadyr2-KinoSat_110101,50.0
1060,0.0,0,1811867187.653,1811867237.653,Anadyr2-KinoSat_110101,50.0
1061,0.0,0,1811867237.653,1811867273.414,Anadyr2-KinoSat_110101,35.76099991798401
1062,0.0,0,1811867137.653,1811867187.653,Magadan1-KinoSat_110101,50.0
1063,0.0,0,1811867187.653,1811867237.653,Magadan1-KinoSat_110101,50.0
1064,0.0,0,1811867237.653,1811867273.414,Magadan1-KinoSat_110101,35.76099991798401
1065,0.0,0,1811867273.414,1811867310.23,Magadan2-KinoSat_110101,36.81599998474121
1066,0.0,0,1811867273.414,1811867310.23,Norilsk-KinoSat_110101,36.81599998474121
1067,0.0,0,1811867273.414,1811867310.23,Murmansk2-KinoSat_110101,36.81599998474121
1068,0.0,0,1811867273.414,1811867310.23,Murmansk1-KinoSat_110101,36.81599998474121
1069,0.0,0,1811867273.414,1811867310.23,Anadyr2-KinoSat_110101,36.81599998474121
1070,0.0,0,1811867273.414,1811867310.23,Magadan1-KinoSat_110101,36.81599998474121
1071,0.0,0,1811867310.23,1811867334.797,Norilsk-KinoSat_110101,24.566999912261963
1072,0.0,0,1811867310.23,1811867334.797,Murmansk2-KinoSat_110101,24.566999912261963
1073,0.0,0,1811867310.23,1811867334.797,Murmansk1-KinoSat_110101,24.566999912261963
1074,0.0,0,1811867310.23,1811867334.797,Anadyr2-KinoSat_110101,24.566999912261963
1075,0.0,0,1811867334.797,1811867376.185,Norilsk-KinoSat_110101,41.38800001144409
1076,0.0,0,1811867334.797,1811867376.185,Murmansk2-KinoSat_110101,41.38800001144409
1077,0.0,0,1811867334.797,1811867376.185,Murmansk1-KinoSat_110101,41.38800001144409
1078,0.0,0,1811867376.185,1811867426.185,Norilsk-KinoSat_110101,50.0
1079,0.0,0,1811867426.185,1811867465.62,Norilsk-KinoSat_110101,39.43499994277954
1080,0.0,0,1811867376.185,1811867426.185,Murmansk2-KinoSat_110101,50.0
1081,0.0,0,1811867426.185,1811867465.62,Murmansk2-KinoSat_110101,39.43499994277954
1082,0.0,0,1811867376.185,1811867426.185,Murmansk1-KinoSat_110101,50.0
1083,0.0,0,1811867426.185,1811867465.62,Murmansk1-KinoSat_110101,39.43499994277954
1084,0.0,0,1811867376.185,1811867426.185,Novosib-KinoSat_110101,50.0
1085,0.0,0,1811867426.185,1811867465.62,Novosib-KinoSat_110101,39.43499994277954
1086,0.0,0,1811867465.62,1811867499.772,Norilsk-KinoSat_110101,34.152000188827515
1087,0.0,0,1811867465.62,1811867499.772,Murmansk2-KinoSat_110101,34.152000188827515
1088,0.0,0,1811867465.62,1811867499.772,Murmansk1-KinoSat_110101,34.152000188827515
1089,0.0,0,1811867465.62,1811867499.772,Novosib-KinoSat_110101,34.152000188827515
1090,0.0,0,1811867465.62,1811867499.772,Irkutsk-KinoSat_110101,34.152000188827515
1091,0.0,0,1811867499.772,1811867549.772,Moscow-KinoSat_110101,50.0
1092,0.0,0,1811867549.772,1811867599.772,Moscow-KinoSat_110101,50.0
1093,0.0,0,1811867599.772,1811867649.772,Moscow-KinoSat_110101,50.0
1094,0.0,0,1811867649.772,1811867699.772,Moscow-KinoSat_110101,50.0
1095,0.0,0,1811867699.772,1811867749.772,Moscow-KinoSat_110101,50.0
1096,0.0,0,1811867749.772,1811867778.171,Moscow-KinoSat_110101,28.3989999294281
1097,0.0,0,1811867499.772,1811867549.772,Norilsk-KinoSat_110101,50.0
1098,0.0,0,1811867549.772,1811867599.772,Norilsk-KinoSat_110101,50.0
1099,0.0,0,1811867599.772,1811867649.772,Norilsk-KinoSat_110101,50.0
1100,0.0,0,1811867649.772,1811867699.772,Norilsk-KinoSat_110101,50.0
1101,0.0,0,1811867699.772,1811867749.772,Norilsk-KinoSat_110101,50.0
1102,0.0,0,1811867749.772,1811867778.171,Norilsk-KinoSat_110101,28.3989999294281
1103,0.0,0,1811867499.772,1811867549.772,Murmansk2-KinoSat_110101,50.0
1104,0.0,0,1811867549.772,1811867599.772,Murmansk2-KinoSat_110101,50.0
1105,0.0,0,1811867599.772,1811867649.772,Murmansk2-KinoSat_110101,50.0
1106,0.0,0,1811867649.772,1811867699.772,Murmansk2-KinoSat_110101,50.0
1107,0.0,0,1811867699.772,1811867749.772,Murmansk2-KinoSat_110101,50.0
1108,0.0,0,1811867749.772,1811867778.171,Murmansk2-KinoSat_110101,28.3989999294281
1109,0.0,0,1811867499.772,1811867549.772,Murmansk1-KinoSat_110101,50.0
1110,0.0,0,1811867549.772,1811867599.772,Murmansk1-KinoSat_110101,50.0
1111,0.0,0,1811867599.772,1811867649.772,Murmansk1-KinoSat_110101,50.0
1112,0.0,0,1811867649.772,1811867699.772,Murmansk1-KinoSat_110101,50.0
1113,0.0,0,1811867699.772,1811867749.772,Murmansk1-KinoSat_110101,50.0
1114,0.0,0,1811867749.772,1811867778.171,Murmansk1-KinoSat_110101,28.3989999294281
1115,0.0,0,1811867499.772,1811867549.772,Novosib-KinoSat_110101,50.0
1116,0.0,0,1811867549.772,1811867599.772,Novosib-KinoSat_110101,50.0
1117,0.0,0,1811867599.772,1811867649.772,Novosib-KinoSat_110101,50.0
1118,0.0,0,1811867649.772,1811867699.772,Novosib-KinoSat_110101,50.0
1119,0.0,0,1811867699.772,1811867749.772,Novosib-KinoSat_110101,50.0
1120,0.0,0,1811867749.772,1811867778.171,Novosib-KinoSat_110101,28.3989999294281
1121,0.0,0,1811867499.772,1811867549.772,Irkutsk-KinoSat_110101,50.0
1122,0.0,0,1811867549.772,1811867599.772,Irkutsk-KinoSat_110101,50.0
1123,0.0,0,1811867599.772,1811867649.772,Irkutsk-KinoSat_110101,50.0
1124,0.0,0,1811867649.772,1811867699.772,Irkutsk-KinoSat_110101,50.0
1125,0.0,0,1811867699.772,1811867749.772,Irkutsk-KinoSat_110101,50.0
1126,0.0,0,1811867749.772,1811867778.171,Irkutsk-KinoSat_110101,28.3989999294281
1127,0.0,0,1811867778.171,1811867828.171,Moscow-KinoSat_110101,50.0
1128,0.0,0,1811867828.171,1811867878.171,Moscow-KinoSat_110101,50.0
1129,0.0,0,1811867878.171,1811867896.97,Moscow-KinoSat_110101,18.799000024795532
1130,0.0,0,1811867778.171,1811867828.171,Norilsk-KinoSat_110101,50.0
1131,0.0,0,1811867828.171,1811867878.171,Norilsk-KinoSat_110101,50.0
1132,0.0,0,1811867878.171,1811867896.97,Norilsk-KinoSat_110101,18.799000024795532
1133,0.0,0,1811867778.171,1811867828.171,Murmansk2-KinoSat_110101,50.0
1134,0.0,0,1811867828.171,1811867878.171,Murmansk2-KinoSat_110101,50.0
1135,0.0,0,1811867878.171,1811867896.97,Murmansk2-KinoSat_110101,18.799000024795532
1136,0.0,0,1811867778.171,1811867828.171,Murmansk1-KinoSat_110101,50.0
1137,0.0,0,1811867828.171,1811867878.171,Murmansk1-KinoSat_110101,50.0
1138,0.0,0,1811867878.171,1811867896.97,Murmansk1-KinoSat_110101,18.799000024795532
1139,0.0,0,1811867778.171,1811867828.171,Novosib-KinoSat_110101,50.0
1140,0.0,0,1811867828.171,1811867878.171,Novosib-KinoSat_110101,50.0
1141,0.0,0,1811867878.171,1811867896.97,Novosib-KinoSat_110101,18.799000024795532
1142,0.0,0,1811867896.97,1811867921.849,Moscow-KinoSat_110101,24.878999948501587
1143,0.0,0,1811867896.97,1811867921.849,Murmansk2-KinoSat_110101,24.878999948501587
1144,0.0,0,1811867896.97,1811867921.849,Murmansk1-KinoSat_110101,24.878999948501587
1145,0.0,0,1811867896.97,1811867921.849,Novosib-KinoSat_110101,24.878999948501587
1146,0.0,0,1811867921.849,1811867971.849,Moscow-KinoSat_110101,50.0
1147,0.0,0,1811867971.849,1811868021.849,Moscow-KinoSat_110101,50.0
1148,0.0,0,1811868021.849,1811868064.351,Moscow-KinoSat_110101,42.50200009346008
1149,0.0,0,1811867921.849,1811867971.849,Novosib-KinoSat_110101,50.0
1150,0.0,0,1811867971.849,1811868021.849,Novosib-KinoSat_110101,50.0
1151,0.0,0,1811868021.849,1811868064.351,Novosib-KinoSat_110101,42.50200009346008
1159,0.0,0,1811872564.814,1811872614.814,Magadan2-KinoSat_110101,50.0
1160,0.0,0,1811872614.814,1811872664.814,Magadan2-KinoSat_110101,50.0
1161,0.0,0,1811872664.814,1811872714.814,Magadan2-KinoSat_110101,50.0
1162,0.0,0,1811872714.814,1811872764.814,Magadan2-KinoSat_110101,50.0
1163,0.0,0,1811872764.814,1811872814.814,Magadan2-KinoSat_110101,50.0
1164,0.0,0,1811872814.814,1811872864.814,Magadan2-KinoSat_110101,50.0
1165,0.0,0,1811872864.814,1811872873.835,Magadan2-KinoSat_110101,9.021000146865845
1166,0.0,0,1811872564.814,1811872614.814,Anadyr2-KinoSat_110101,50.0
1167,0.0,0,1811872614.814,1811872664.814,Anadyr2-KinoSat_110101,50.0
1168,0.0,0,1811872664.814,1811872714.814,Anadyr2-KinoSat_110101,50.0
1169,0.0,0,1811872714.814,1811872764.814,Anadyr2-KinoSat_110101,50.0
1170,0.0,0,1811872764.814,1811872814.814,Anadyr2-KinoSat_110101,50.0
1171,0.0,0,1811872814.814,1811872864.814,Anadyr2-KinoSat_110101,50.0
1172,0.0,0,1811872864.814,1811872873.835,Anadyr2-KinoSat_110101,9.021000146865845
1173,0.0,0,1811872564.814,1811872614.814,Magadan1-KinoSat_110101,50.0
1174,0.0,0,1811872614.814,1811872664.814,Magadan1-KinoSat_110101,50.0
1175,0.0,0,1811872664.814,1811872714.814,Magadan1-KinoSat_110101,50.0
1176,0.0,0,1811872714.814,1811872764.814,Magadan1-KinoSat_110101,50.0
1177,0.0,0,1811872764.814,1811872814.814,Magadan1-KinoSat_110101,50.0
1178,0.0,0,1811872814.814,1811872864.814,Magadan1-KinoSat_110101,50.0
1179,0.0,0,1811872864.814,1811872873.835,Magadan1-KinoSat_110101,9.021000146865845
1180,0.0,0,1811872873.835,1811872923.835,Magadan2-KinoSat_110101,50.0
1181,0.0,0,1811872923.835,1811872973.835,Magadan2-KinoSat_110101,50.0
1182,0.0,0,1811872973.835,1811873023.835,Magadan2-KinoSat_110101,50.0
1183,0.0,0,1811873023.835,1811873028.647,Magadan2-KinoSat_110101,4.812000036239624
1184,0.0,0,1811872873.835,1811872923.835,Norilsk-KinoSat_110101,50.0
1185,0.0,0,1811872923.835,1811872973.835,Norilsk-KinoSat_110101,50.0
1186,0.0,0,1811872973.835,1811873023.835,Norilsk-KinoSat_110101,50.0
1187,0.0,0,1811873023.835,1811873028.647,Norilsk-KinoSat_110101,4.812000036239624
1188,0.0,0,1811872873.835,1811872923.835,Anadyr2-KinoSat_110101,50.0
1189,0.0,0,1811872923.835,1811872973.835,Anadyr2-KinoSat_110101,50.0
1190,0.0,0,1811872973.835,1811873023.835,Anadyr2-KinoSat_110101,50.0
1191,0.0,0,1811873023.835,1811873028.647,Anadyr2-KinoSat_110101,4.812000036239624
1192,0.0,0,1811872873.835,1811872923.835,Magadan1-KinoSat_110101,50.0
1193,0.0,0,1811872923.835,1811872973.835,Magadan1-KinoSat_110101,50.0
1194,0.0,0,1811872973.835,1811873023.835,Magadan1-KinoSat_110101,50.0
1195,0.0,0,1811873023.835,1811873028.647,Magadan1-KinoSat_110101,4.812000036239624
1196,0.0,0,1811873028.647,1811873044.611,Magadan2-KinoSat_110101,15.96399998664856
1197,0.0,0,1811873028.647,1811873044.611,Norilsk-KinoSat_110101,15.96399998664856
1198,0.0,0,1811873028.647,1811873044.611,Murmansk2-KinoSat_110101,15.96399998664856
1199,0.0,0,1811873028.647,1811873044.611,Murmansk1-KinoSat_110101,15.96399998664856
1200,0.0,0,1811873028.647,1811873044.611,Anadyr2-KinoSat_110101,15.96399998664856
1201,0.0,0,1811873028.647,1811873044.611,Magadan1-KinoSat_110101,15.96399998664856
1202,0.0,0,1811873044.611,1811873079.089,Norilsk-KinoSat_110101,34.4779999256134
1203,0.0,0,1811873044.611,1811873079.089,Murmansk2-KinoSat_110101,34.4779999256134
1204,0.0,0,1811873044.611,1811873079.089,Murmansk1-KinoSat_110101,34.4779999256134
1205,0.0,0,1811873044.611,1811873079.089,Anadyr2-KinoSat_110101,34.4779999256134
1206,0.0,0,1811873079.089,1811873129.089,Norilsk-KinoSat_110101,50.0
1207,0.0,0,1811873129.089,1811873179.089,Norilsk-KinoSat_110101,50.0
1208,0.0,0,1811873179.089,1811873180.588,Norilsk-KinoSat_110101,1.499000072479248
1209,0.0,0,1811873079.089,1811873129.089,Murmansk2-KinoSat_110101,50.0
1210,0.0,0,1811873129.089,1811873179.089,Murmansk2-KinoSat_110101,50.0
1211,0.0,0,1811873179.089,1811873180.588,Murmansk2-KinoSat_110101,1.499000072479248
1212,0.0,0,1811873079.089,1811873129.089,Murmansk1-KinoSat_110101,50.0
1213,0.0,0,1811873129.089,1811873179.089,Murmansk1-KinoSat_110101,50.0
1214,0.0,0,1811873179.089,1811873180.588,Murmansk1-KinoSat_110101,1.499000072479248
1215,0.0,0,1811873180.588,1811873221.567,Norilsk-KinoSat_110101,40.978999853134155
1216,0.0,0,1811873180.588,1811873221.567,Murmansk2-KinoSat_110101,40.978999853134155
1217,0.0,0,1811873180.588,1811873221.567,Murmansk1-KinoSat_110101,40.978999853134155
1218,0.0,0,1811873180.588,1811873221.567,Novosib-KinoSat_110101,40.978999853134155
1219,0.0,0,1811873221.567,1811873271.567,Moscow-KinoSat_110101,50.0
1220,0.0,0,1811873271.567,1811873321.567,Moscow-KinoSat_110101,50.0
1221,0.0,0,1811873321.567,1811873371.567,Moscow-KinoSat_110101,50.0
1222,0.0,0,1811873371.567,1811873421.567,Moscow-KinoSat_110101,50.0
1223,0.0,0,1811873421.567,1811873471.567,Moscow-KinoSat_110101,50.0
1224,0.0,0,1811873471.567,1811873521.567,Moscow-KinoSat_110101,50.0
1225,0.0,0,1811873521.567,1811873570.974,Moscow-KinoSat_110101,49.40700006484985
1226,0.0,0,1811873221.567,1811873271.567,Norilsk-KinoSat_110101,50.0
1227,0.0,0,1811873271.567,1811873321.567,Norilsk-KinoSat_110101,50.0
1228,0.0,0,1811873321.567,1811873371.567,Norilsk-KinoSat_110101,50.0
1229,0.0,0,1811873371.567,1811873421.567,Norilsk-KinoSat_110101,50.0
1230,0.0,0,1811873421.567,1811873471.567,Norilsk-KinoSat_110101,50.0
1231,0.0,0,1811873471.567,1811873521.567,Norilsk-KinoSat_110101,50.0
1232,0.0,0,1811873521.567,1811873570.974,Norilsk-KinoSat_110101,49.40700006484985
1233,0.0,0,1811873221.567,1811873271.567,Murmansk2-KinoSat_110101,50.0
1234,0.0,0,1811873271.567,1811873321.567,Murmansk2-KinoSat_110101,50.0
1235,0.0,0,1811873321.567,1811873371.567,Murmansk2-KinoSat_110101,50.0
1236,0.0,0,1811873371.567,1811873421.567,Murmansk2-KinoSat_110101,50.0
1237,0.0,0,1811873421.567,1811873471.567,Murmansk2-KinoSat_110101,50.0
1238,0.0,0,1811873471.567,1811873521.567,Murmansk2-KinoSat_110101,50.0
1239,0.0,0,1811873521.567,1811873570.974,Murmansk2-KinoSat_110101,49.40700006484985
1240,0.0,0,1811873221.567,1811873271.567,Murmansk1-KinoSat_110101,50.0
1241,0.0,0,1811873271.567,1811873321.567,Murmansk1-KinoSat_110101,50.0
1242,0.0,0,1811873321.567,1811873371.567,Murmansk1-KinoSat_110101,50.0
1243,0.0,0,1811873371.567,1811873421.567,Murmansk1-KinoSat_110101,50.0
1244,0.0,0,1811873421.567,1811873471.567,Murmansk1-KinoSat_110101,50.0
1245,0.0,0,1811873471.567,1811873521.567,Murmansk1-KinoSat_110101,50.0
1246,0.0,0,1811873521.567,1811873570.974,Murmansk1-KinoSat_110101,49.40700006484985
1247,0.0,0,1811873221.567,1811873271.567,Novosib-KinoSat_110101,50.0
1248,0.0,0,1811873271.567,1811873321.567,Novosib-KinoSat_110101,50.0
1249,0.0,0,1811873321.567,1811873371.567,Novosib-KinoSat_110101,50.0
1250,0.0,0,1811873371.567,1811873421.567,Novosib-KinoSat_110101,50.0
1251,0.0,0,1811873421.567,1811873471.567,Novosib-KinoSat_110101,50.0
1252,0.0,0,1811873471.567,1811873521.567,Novosib-KinoSat_110101,50.0
1253,0.0,0,1811873521.567,1811873570.974,Novosib-KinoSat_110101,49.40700006484985
1254,0.0,0,1811873570.974,1811873572.143,Moscow-KinoSat_110101,1.1689999103546143
1255,0.0,0,1811873570.974,1811873572.143,Norilsk-KinoSat_110101,1.1689999103546143
1256,0.0,0,1811873570.974,1811873572.143,Murmansk2-KinoSat_110101,1.1689999103546143
1257,0.0,0,1811873570.974,1811873572.143,Murmansk1-KinoSat_110101,1.1689999103546143
1258,0.0,0,1811873572.143,1811873622.143,Moscow-KinoSat_110101,50.0
1259,0.0,0,1811873622.143,1811873672.143,Moscow-KinoSat_110101,50.0
1260,0.0,0,1811873672.143,1811873722.143,Moscow-KinoSat_110101,50.0
1261,0.0,0,1811873722.143,1811873772.143,Moscow-KinoSat_110101,50.0
1262,0.0,0,1811873772.143,1811873793.234,Moscow-KinoSat_110101,21.091000080108643
1263,0.0,0,1811873572.143,1811873622.143,Murmansk2-KinoSat_110101,50.0
1264,0.0,0,1811873622.143,1811873672.143,Murmansk2-KinoSat_110101,50.0
1265,0.0,0,1811873672.143,1811873722.143,Murmansk2-KinoSat_110101,50.0
1266,0.0,0,1811873722.143,1811873772.143,Murmansk2-KinoSat_110101,50.0
1267,0.0,0,1811873772.143,1811873793.234,Murmansk2-KinoSat_110101,21.091000080108643
1268,0.0,0,1811873572.143,1811873622.143,Murmansk1-KinoSat_110101,50.0
1269,0.0,0,1811873622.143,1811873672.143,Murmansk1-KinoSat_110101,50.0
1270,0.0,0,1811873672.143,1811873722.143,Murmansk1-KinoSat_110101,50.0
1271,0.0,0,1811873722.143,1811873772.143,Murmansk1-KinoSat_110101,50.0
1272,0.0,0,1811873772.143,1811873793.234,Murmansk1-KinoSat_110101,21.091000080108643
1280,0.0,0,1811878119.446,1811878169.446,Magadan2-KinoSat_110101,50.0
1281,0.0,0,1811878169.446,1811878219.446,Magadan2-KinoSat_110101,50.0
1282,0.0,0,1811878219.446,1811878269.446,Magadan2-KinoSat_110101,50.0
1283,0.0,0,1811878269.446,1811878319.446,Magadan2-KinoSat_110101,50.0
1284,0.0,0,1811878319.446,1811878369.446,Magadan2-KinoSat_110101,50.0
1285,0.0,0,1811878369.446,1811878419.446,Magadan2-KinoSat_110101,50.0
1286,0.0,0,1811878419.446,1811878469.446,Magadan2-KinoSat_110101,50.0
1287,0.0,0,1811878469.446,1811878519.446,Magadan2-KinoSat_110101,50.0
1288,0.0,0,1811878519.446,1811878569.446,Magadan2-KinoSat_110101,50.0
1289,0.0,0,1811878569.446,1811878575.786,Magadan2-KinoSat_110101,6.3399999141693115
1290,0.0,0,1811878119.446,1811878169.446,Anadyr2-KinoSat_110101,50.0
1291,0.0,0,1811878169.446,1811878219.446,Anadyr2-KinoSat_110101,50.0
1292,0.0,0,1811878219.446,1811878269.446,Anadyr2-KinoSat_110101,50.0
1293,0.0,0,1811878269.446,1811878319.446,Anadyr2-KinoSat_110101,50.0
1294,0.0,0,1811878319.446,1811878369.446,Anadyr2-KinoSat_110101,50.0
1295,0.0,0,1811878369.446,1811878419.446,Anadyr2-KinoSat_110101,50.0
1296,0.0,0,1811878419.446,1811878469.446,Anadyr2-KinoSat_110101,50.0
1297,0.0,0,1811878469.446,1811878519.446,Anadyr2-KinoSat_110101,50.0
1298,0.0,0,1811878519.446,1811878569.446,Anadyr2-KinoSat_110101,50.0
1299,0.0,0,1811878569.446,1811878575.786,Anadyr2-KinoSat_110101,6.3399999141693115
1300,0.0,0,1811878119.446,1811878169.446,Magadan1-KinoSat_110101,50.0
1301,0.0,0,1811878169.446,1811878219.446,Magadan1-KinoSat_110101,50.0
1302,0.0,0,1811878219.446,1811878269.446,Magadan1-KinoSat_110101,50.0
1303,0.0,0,1811878269.446,1811878319.446,Magadan1-KinoSat_110101,50.0
1304,0.0,0,1811878319.446,1811878369.446,Magadan1-KinoSat_110101,50.0
1305,0.0,0,1811878369.446,1811878419.446,Magadan1-KinoSat_110101,50.0
1306,0.0,0,1811878419.446,1811878469.446,Magadan1-KinoSat_110101,50.0
1307,0.0,0,1811878469.446,1811878519.446,Magadan1-KinoSat_110101,50.0
1308,0.0,0,1811878519.446,1811878569.446,Magadan1-KinoSat_110101,50.0
1309,0.0,0,1811878569.446,1811878575.786,Magadan1-KinoSat_110101,6.3399999141693115
1310,0.0,0,1811878575.786,1811878625.786,Magadan2-KinoSat_110101,50.0
1311,0.0,0,1811878625.786,1811878675.786,Magadan2-KinoSat_110101,50.0
1312,0.0,0,1811878675.786,1811878725.786,Magadan2-KinoSat_110101,50.0
1313,0.0,0,1811878725.786,1811878775.786,Magadan2-KinoSat_110101,50.0
1314,0.0,0,1811878775.786,1811878785.421,Magadan2-KinoSat_110101,9.634999990463257
1315,0.0,0,1811878575.786,1811878625.786,Norilsk-KinoSat_110101,50.0
1316,0.0,0,1811878625.786,1811878675.786,Norilsk-KinoSat_110101,50.0
1317,0.0,0,1811878675.786,1811878725.786,Norilsk-KinoSat_110101,50.0
1318,0.0,0,1811878725.786,1811878775.786,Norilsk-KinoSat_110101,50.0
1319,0.0,0,1811878775.786,1811878785.421,Norilsk-KinoSat_110101,9.634999990463257
1320,0.0,0,1811878575.786,1811878625.786,Anadyr2-KinoSat_110101,50.0
1321,0.0,0,1811878625.786,1811878675.786,Anadyr2-KinoSat_110101,50.0
1322,0.0,0,1811878675.786,1811878725.786,Anadyr2-KinoSat_110101,50.0
1323,0.0,0,1811878725.786,1811878775.786,Anadyr2-KinoSat_110101,50.0
1324,0.0,0,1811878775.786,1811878785.421,Anadyr2-KinoSat_110101,9.634999990463257
1325,0.0,0,1811878575.786,1811878625.786,Magadan1-KinoSat_110101,50.0
1326,0.0,0,1811878625.786,1811878675.786,Magadan1-KinoSat_110101,50.0
1327,0.0,0,1811878675.786,1811878725.786,Magadan1-KinoSat_110101,50.0
1328,0.0,0,1811878725.786,1811878775.786,Magadan1-KinoSat_110101,50.0
1329,0.0,0,1811878775.786,1811878785.421,Magadan1-KinoSat_110101,9.634999990463257
1330,0.0,0,1811878785.421,1811878810.361,Magadan2-KinoSat_110101,24.94000005722046
1331,0.0,0,1811878785.421,1811878810.361,Norilsk-KinoSat_110101,24.94000005722046
1332,0.0,0,1811878785.421,1811878810.361,Murmansk2-KinoSat_110101,24.94000005722046
1333,0.0,0,1811878785.421,1811878810.361,Murmansk1-KinoSat_110101,24.94000005722046
1334,0.0,0,1811878785.421,1811878810.361,Anadyr2-KinoSat_110101,24.94000005722046
1335,0.0,0,1811878785.421,1811878810.361,Magadan1-KinoSat_110101,24.94000005722046
1336,0.0,0,1811878810.361,1811878834.538,Norilsk-KinoSat_110101,24.177000045776367
1337,0.0,0,1811878810.361,1811878834.538,Murmansk2-KinoSat_110101,24.177000045776367
1338,0.0,0,1811878810.361,1811878834.538,Murmansk1-KinoSat_110101,24.177000045776367
1339,0.0,0,1811878810.361,1811878834.538,Anadyr2-KinoSat_110101,24.177000045776367
1340,0.0,0,1811878834.538,1811878884.538,Norilsk-KinoSat_110101,50.0
1341,0.0,0,1811878884.538,1811878934.538,Norilsk-KinoSat_110101,50.0
1342,0.0,0,1811878934.538,1811878984.538,Norilsk-KinoSat_110101,50.0
1343,0.0,0,1811878984.538,1811878990.746,Norilsk-KinoSat_110101,6.20799994468689
1344,0.0,0,1811878834.538,1811878884.538,Murmansk2-KinoSat_110101,50.0
1345,0.0,0,1811878884.538,1811878934.538,Murmansk2-KinoSat_110101,50.0
1346,0.0,0,1811878934.538,1811878984.538,Murmansk2-KinoSat_110101,50.0
1347,0.0,0,1811878984.538,1811878990.746,Murmansk2-KinoSat_110101,6.20799994468689
1348,0.0,0,1811878834.538,1811878884.538,Murmansk1-KinoSat_110101,50.0
1349,0.0,0,1811878884.538,1811878934.538,Murmansk1-KinoSat_110101,50.0
1350,0.0,0,1811878934.538,1811878984.538,Murmansk1-KinoSat_110101,50.0
1351,0.0,0,1811878984.538,1811878990.746,Murmansk1-KinoSat_110101,6.20799994468689
1352,0.0,0,1811878990.746,1811879040.746,Moscow-KinoSat_110101,50.0
1353,0.0,0,1811879040.746,1811879090.746,Moscow-KinoSat_110101,50.0
1354,0.0,0,1811879090.746,1811879140.746,Moscow-KinoSat_110101,50.0
1355,0.0,0,1811879140.746,1811879190.746,Moscow-KinoSat_110101,50.0
1356,0.0,0,1811879190.746,1811879226.845,Moscow-KinoSat_110101,36.098999977111816
1357,0.0,0,1811878990.746,1811879040.746,Norilsk-KinoSat_110101,50.0
1358,0.0,0,1811879040.746,1811879090.746,Norilsk-KinoSat_110101,50.0
1359,0.0,0,1811879090.746,1811879140.746,Norilsk-KinoSat_110101,50.0
1360,0.0,0,1811879140.746,1811879190.746,Norilsk-KinoSat_110101,50.0
1361,0.0,0,1811879190.746,1811879226.845,Norilsk-KinoSat_110101,36.098999977111816
1362,0.0,0,1811878990.746,1811879040.746,Murmansk2-KinoSat_110101,50.0
1363,0.0,0,1811879040.746,1811879090.746,Murmansk2-KinoSat_110101,50.0
1364,0.0,0,1811879090.746,1811879140.746,Murmansk2-KinoSat_110101,50.0
1365,0.0,0,1811879140.746,1811879190.746,Murmansk2-KinoSat_110101,50.0
1366,0.0,0,1811879190.746,1811879226.845,Murmansk2-KinoSat_110101,36.098999977111816
1367,0.0,0,1811878990.746,1811879040.746,Murmansk1-KinoSat_110101,50.0
1368,0.0,0,1811879040.746,1811879090.746,Murmansk1-KinoSat_110101,50.0
1369,0.0,0,1811879090.746,1811879140.746,Murmansk1-KinoSat_110101,50.0
1370,0.0,0,1811879140.746,1811879190.746,Murmansk1-KinoSat_110101,50.0
1371,0.0,0,1811879190.746,1811879226.845,Murmansk1-KinoSat_110101,36.098999977111816
1372,0.0,0,1811879226.845,1811879276.845,Moscow-KinoSat_110101,50.0
1373,0.0,0,1811879276.845,1811879326.845,Moscow-KinoSat_110101,50.0
1374,0.0,0,1811879326.845,1811879376.845,Moscow-KinoSat_110101,50.0
1375,0.0,0,1811879376.845,1811879426.845,Moscow-KinoSat_110101,50.0
1376,0.0,0,1811879426.845,1811879476.845,Moscow-KinoSat_110101,50.0
1377,0.0,0,1811879476.845,1811879526.845,Moscow-KinoSat_110101,50.0
1378,0.0,0,1811879526.845,1811879552.914,Moscow-KinoSat_110101,26.069000005722046
1379,0.0,0,1811879226.845,1811879276.845,Murmansk2-KinoSat_110101,50.0
1380,0.0,0,1811879276.845,1811879326.845,Murmansk2-KinoSat_110101,50.0
1381,0.0,0,1811879326.845,1811879376.845,Murmansk2-KinoSat_110101,50.0
1382,0.0,0,1811879376.845,1811879426.845,Murmansk2-KinoSat_110101,50.0
1383,0.0,0,1811879426.845,1811879476.845,Murmansk2-KinoSat_110101,50.0
1384,0.0,0,1811879476.845,1811879526.845,Murmansk2-KinoSat_110101,50.0
1385,0.0,0,1811879526.845,1811879552.914,Murmansk2-KinoSat_110101,26.069000005722046
1386,0.0,0,1811879226.845,1811879276.845,Murmansk1-KinoSat_110101,50.0
1387,0.0,0,1811879276.845,1811879326.845,Murmansk1-KinoSat_110101,50.0
1388,0.0,0,1811879326.845,1811879376.845,Murmansk1-KinoSat_110101,50.0
1389,0.0,0,1811879376.845,1811879426.845,Murmansk1-KinoSat_110101,50.0
1390,0.0,0,1811879426.845,1811879476.845,Murmansk1-KinoSat_110101,50.0
1391,0.0,0,1811879476.845,1811879526.845,Murmansk1-KinoSat_110101,50.0
1392,0.0,0,1811879526.845,1811879552.914,Murmansk1-KinoSat_110101,26.069000005722046
